time,dTWC_dt,E_src,P_sink,residual,drift_pct
1980-01-01 06:00:00,607698944.0,-16719340544.0,15601994752.0,509646848.0,3.2665492848897992
1980-01-01 12:00:00,1295164544.0,-17399889920.0,15852310528.0,252414976.0,1.5922913921863846
1980-01-01 18:00:00,1446379520.0,-17915459584.0,16633880576.0,-164800512.0,-0.9907520451828931
1980-01-02 00:00:00,841573440.0,-16760311808.0,16507284480.0,-588546048.0,-3.5653716921948875
1980-01-02 06:00:00,170875824.0,-16661891072.0,16295555072.0,195460096.0,1.1994687823543444
1980-01-02 12:00:00,543200128.0,-17396922368.0,16685752320.0,167969792.0,1.0066659793257677
1980-01-02 18:00:00,678248128.0,-18044624896.0,17356793856.0,9582592.0,0.05520945907119495
1980-01-03 00:00:00,490536416.0,-17070822400.0,16971512832.0,-391226368.0,-2.3051944271128133
1980-01-03 06:00:00,227060096.0,-17017144320.0,16435840000.0,354244608.0,2.1553179393325803
1980-01-03 12:00:00,803759296.0,-17797869568.0,16802504704.0,191605760.0,1.140340463373811
1980-01-03 18:00:00,915920320.0,-18423734272.0,17567567872.0,-59754496.0,-0.3401409713363878
1980-01-04 00:00:00,533385184.0,-17472100352.0,17443860480.0,-505145344.0,-2.8958345807636268
1980-01-04 06:00:00,-17196380.0,-17521293312.0,17298472960.0,240017408.0,1.3875063339694929
1980-01-04 12:00:00,517276384.0,-18342801408.0,17494605824.0,330919936.0,1.8915541129027726
1980-01-04 18:00:00,963311680.0,-18876209152.0,17858154496.0,54743040.0,0.30654365775736653
1980-01-05 00:00:00,766980416.0,-17875732480.0,17544388608.0,-435636224.0,-2.4830516111650414
1980-01-05 06:00:00,412896672.0,-17820399616.0,17091729408.0,315772928.0,1.8475188815720338
1980-01-05 12:00:00,937943616.0,-18347100160.0,17281556480.0,127600640.0,0.7383631222550621
1980-01-05 18:00:00,1071211136.0,-18608080896.0,17528020992.0,8849408.0,0.05048720562372088
1980-01-06 00:00:00,893303808.0,-17389920256.0,16936400896.0,-439784448.0,-2.5966818493524637
1980-01-06 06:00:00,478659104.0,-17125685248.0,16482386944.0,164638720.0,0.9988766830882623
1980-01-06 12:00:00,586245376.0,-17633067008.0,17111547904.0,-64726016.0,-0.3782592689050044
1980-01-06 18:00:00,408312256.0,-18073192448.0,17723248640.0,-58368000.0,-0.329330142490175
1980-01-07 00:00:00,188848064.0,-17011775488.0,17117617152.0,-294689792.0,-1.7215584937040658
1980-01-07 06:00:00,66605316.0,-16771218432.0,16420696064.0,283917312.0,1.7290211748236886
1980-01-07 12:00:00,518252864.0,-17291966464.0,16694665216.0,79048704.0,0.4734967906049444
1980-01-07 18:00:00,477791712.0,-17799837696.0,17390929920.0,-68884480.0,-0.39609428775157757
1980-01-08 00:00:00,57996200.0,-16734060544.0,17190045696.0,-513981440.0,-2.9899946113558022
1980-01-08 06:00:00,-429918304.0,-16600104960.0,16774039552.0,255983616.0,1.5260701824771756
1980-01-08 12:00:00,53340448.0,-17152499712.0,16934444032.0,164715520.0,0.9726656493047365
1980-01-08 18:00:00,163192816.0,-17575866368.0,17514381312.0,-101707776.0,-0.5807100701314227
1980-01-09 00:00:00,-291360224.0,-16458946560.0,17221937152.0,-471630848.0,-2.738547027767019
1980-01-09 06:00:00,-870610944.0,-16265725952.0,17103290368.0,33046528.0,0.19321737097926817
1980-01-09 12:00:00,-667864768.0,-16891918336.0,17234614272.0,325169152.0,1.8867213786634145
1980-01-09 18:00:00,8287873.0,-17441949696.0,17232029696.0,201631744.0,1.1700986335161896
1980-01-10 00:00:00,-72230104.0,-16364283904.0,16905843712.0,-469329920.0,-2.7761401796638117
1980-01-10 06:00:00,-407634240.0,-16281672704.0,16337206272.0,352100352.0,2.1552054013265263
1980-01-10 12:00:00,58592652.0,-16970013696.0,16899439616.0,11981824.0,0.07090071784780298
1980-01-10 18:00:00,-117855576.0,-17499246592.0,17754304512.0,-137201664.0,-0.7727797160810576
1980-01-11 00:00:00,-733038208.0,-16462848000.0,17806903296.0,-611016704.0,-3.431347347953835
1980-01-11 06:00:00,-1340370560.0,-16494932992.0,17545072640.0,290230272.0,1.6541981783439341
1980-01-11 12:00:00,-895943808.0,-17278705664.0,18043535360.0,131115008.0,0.726659190585586
1980-01-11 18:00:00,-747033920.0,-18001453056.0,18638417920.0,110069760.0,0.5905531278053884
1980-01-12 00:00:00,-719966144.0,-17212835840.0,18130356224.0,-197554176.0,-1.089632070982082
1980-01-12 06:00:00,-466920320.0,-17305425920.0,17175575552.0,596769792.0,3.47452573099077
1980-01-12 12:00:00,315732704.0,-17863030784.0,17512863744.0,34435072.0,0.19662730495346678
1980-01-12 18:00:00,258975536.0,-18227634176.0,18035060736.0,-66402304.0,-0.36818453218432234
1980-01-13 00:00:00,-88830016.0,-17053193216.0,17630517248.0,-488494080.0,-2.770730280505041
1980-01-13 06:00:00,-620217536.0,-17027047424.0,17485357056.0,161908736.0,0.925967570930683
1980-01-13 12:00:00,-490910560.0,-17819404288.0,18305898496.0,4415488.0,0.024120575130277398
1980-01-13 18:00:00,-687009728.0,-18417784832.0,19192225792.0,-87431168.0,-0.45555512397339765
1980-01-14 00:00:00,-766002432.0,-17331818496.0,18232999936.0,-135178240.0,-0.7413933004688845
1980-01-14 06:00:00,-589609600.0,-17267038208.0,17421475840.0,435171328.0,2.49790162438959
1980-01-14 12:00:00,159135360.0,-18111361024.0,17681244160.0,270981120.0,1.5325907925248627
1980-01-14 18:00:00,413840160.0,-18624735232.0,18280769536.0,-69873664.0,-0.3822249597447143
1980-01-15 00:00:00,55054508.0,-17373294592.0,17765257216.0,-447016960.0,-2.5162425433244007
1980-01-15 06:00:00,-318820672.0,-17249810432.0,17307117568.0,261513216.0,1.5110154245645442
1980-01-15 12:00:00,35834508.0,-18021980160.0,17898594304.0,87552000.0,0.4891557320813388
1980-01-15 18:00:00,86134344.0,-18443868160.0,18382166016.0,-24432640.0,-0.1329149131758119
1980-01-16 00:00:00,49351272.0,-17290827776.0,17413175296.0,-171698176.0,-0.9860245077728068
1980-01-16 06:00:00,143289024.0,-17379428352.0,16839137280.0,397002752.0,2.357619309105128
1980-01-16 12:00:00,577689984.0,-18158682112.0,17589778432.0,-8785920.0,-0.049949008931325235
1980-01-16 18:00:00,363497408.0,-18436689920.0,18305222656.0,-232030208.0,-1.2675628827926124
1980-01-17 00:00:00,-208903776.0,-17126157312.0,17732055040.0,-396994560.0,-2.238852513735486
1980-01-17 06:00:00,-241702496.0,-16985979904.0,16694005760.0,533676032.0,3.196812314985088
1980-01-17 12:00:00,678641408.0,-17744023552.0,16833202176.0,232179712.0,1.37929616464199
1980-01-17 18:00:00,652412992.0,-18182907904.0,17779085312.0,-248590336.0,-1.3982178027584684
1980-01-18 00:00:00,141521728.0,-17122183168.0,17322375168.0,-341713920.0,-1.972673589423554
1980-01-18 06:00:00,-44462508.0,-17189789696.0,16914490368.0,319761408.0,1.890458423772239
1980-01-18 12:00:00,375789792.0,-18134343680.0,17709834240.0,48719872.0,0.27510066632899216
1980-01-18 18:00:00,224611104.0,-18594115584.0,18437562368.0,-68057088.0,-0.36912194053438985
1980-01-19 00:00:00,43994392.0,-17515993088.0,17766823936.0,-294825984.0,-1.6594186167546203
1980-01-19 06:00:00,-220640928.0,-17541314560.0,17575524352.0,186431488.0,1.060744955690526
1980-01-19 12:00:00,-11068220.0,-18402330624.0,18407305216.0,6092800.0,0.03309990206879394
1980-01-19 18:00:00,-101015992.0,-18687946752.0,18753136640.0,35825664.0,0.19103824969517205
1980-01-20 00:00:00,2963145.25,-17452408832.0,17617104896.0,-167659520.0,-0.9516859948882261
1980-01-20 06:00:00,24319738.0,-17337653248.0,17044950016.0,268383232.0,1.57456156661105
1980-01-20 12:00:00,485722016.0,-17929490432.0,17286295552.0,157472768.0,0.9109688511705484
1980-01-20 18:00:00,632766656.0,-18064003072.0,17470382080.0,-39145472.0,-0.22406763527406495
1980-01-21 00:00:00,347330496.0,-16739482624.0,16925622272.0,-533470208.0,-3.1518498961336148
1980-01-21 06:00:00,-237488848.0,-16537677824.0,16543782912.0,231384064.0,1.3986164182084742
1980-01-21 12:00:00,282371680.0,-17242738688.0,16768315392.0,192051200.0,1.1453219689058673
1980-01-21 18:00:00,272664672.0,-17510703104.0,17436463104.0,-198424576.0,-1.1379863841450766
1980-01-22 00:00:00,-296853696.0,-16236439552.0,17111843840.0,-578550784.0,-3.380996165051492
1980-01-22 06:00:00,-1045213248.0,-16055463936.0,17047923712.0,52753408.0,0.3094418352122668
1980-01-22 12:00:00,-797050880.0,-16803588096.0,17317976064.0,282662912.0,1.6321936868107223
1980-01-22 18:00:00,-307249792.0,-17054383104.0,17237037056.0,124596224.0,0.7228401470346064
1980-01-23 00:00:00,-336162848.0,-15776671744.0,16543836160.0,-431001600.0,-2.6052095525588186
1980-01-23 06:00:00,-789584128.0,-15566662656.0,16201500672.0,154745856.0,0.9551328554856477
1980-01-23 12:00:00,-513932256.0,-16230435840.0,16658367488.0,86000640.0,0.5162609124930838
1980-01-23 18:00:00,-547440320.0,-16442073088.0,17072711680.0,-83197952.0,-0.48731539288783915
1980-01-24 00:00:00,-690429696.0,-15427494912.0,16241293312.0,-123368448.0,-0.7595974386402363
1980-01-24 06:00:00,-438333408.0,-15622917120.0,15565435904.0,495814656.0,3.185356703518889
1980-01-24 12:00:00,387142912.0,-16608868352.0,15958733824.0,262991872.0,1.6479494858451247
1980-01-24 18:00:00,591666688.0,-16869170176.0,16326650880.0,-49146880.0,-0.30102242254842654
1980-01-25 00:00:00,505145248.0,-15877894144.0,15578001408.0,-205252608.0,-1.3175798526670668
1980-01-25 06:00:00,335174272.0,-15830780928.0,15344267264.0,151339008.0,0.9862902242003075
1980-01-25 12:00:00,613390976.0,-16604189696.0,15859642368.0,131155968.0,0.8269793539899323
1980-01-25 18:00:00,553120512.0,-16892288000.0,16524520448.0,-185353216.0,-1.12168590055776
1980-01-26 00:00:00,181211408.0,-16016640000.0,16101358592.0,-265929728.0,-1.6515980715573146
1980-01-26 06:00:00,-6367363.5,-16013932544.0,15771357184.0,248942592.0,1.5784474924742151
1980-01-26 12:00:00,615829760.0,-16868606976.0,15909371904.0,343405568.0,2.1585111597878957
1980-01-26 18:00:00,793710464.0,-17368496128.0,16774864896.0,-200079360.0,-1.192733063666637
1980-01-27 00:00:00,205518384.0,-16559006720.0,16810787840.0,-457299968.0,-2.7202768386136507
1980-01-27 06:00:00,-286228160.0,-16711999488.0,16799963136.0,198264832.0,1.180150399110971
1980-01-27 12:00:00,13661106.0,-17486436352.0,17407301632.0,65474560.0,0.3761327366191985
1980-01-27 18:00:00,-134411200.0,-17894469632.0,18110961664.0,-82081792.0,-0.4532160882608337
1980-01-28 00:00:00,-254459456.0,-16986188800.0,17446531072.0,-205883392.0,-1.1800821100214185
1980-01-28 06:00:00,-281749248.0,-17006334976.0,16966330368.0,321753088.0,1.8964212120191577
1980-01-28 12:00:00,196038112.0,-17753466880.0,17447643136.0,109785088.0,0.6292258911089182
1980-01-28 18:00:00,171512384.0,-18155843584.0,18098460672.0,-114128896.0,-0.6306000165890794
1980-01-29 00:00:00,-205006176.0,-17099067392.0,17726738432.0,-422664192.0,-2.3843314077281916
1980-01-29 06:00:00,-602029440.0,-17230075904.0,17518376960.0,313729024.0,1.7908566799101462
1980-01-29 12:00:00,-930540.9375,-18141034496.0,17894258688.0,247705600.0,1.3842741647974102
1980-01-29 18:00:00,235206016.0,-18586834944.0,18377443328.0,-25815040.0,-0.14047133509952403
1980-01-30 00:00:00,-213520016.0,-17197977600.0,18127085568.0,-715587584.0,-3.9476151933835237
1980-01-30 06:00:00,-1295236864.0,-16968243200.0,18357551104.0,-94070784.0,-0.512436454443548
1980-01-30 12:00:00,-1277584640.0,-17781049344.0,18822088704.0,236546048.0,1.2567470684044226
1980-01-30 18:00:00,-926100352.0,-18351601664.0,19190001664.0,87699456.0,0.45700598434299333
1980-01-31 00:00:00,-1124474880.0,-17027961856.0,18730643456.0,-578207744.0,-3.0869614562802554
1980-01-31 06:00:00,-1776561408.0,-16823144448.0,18344687616.0,255019008.0,1.3901518158181976
1980-01-31 12:00:00,-922563648.0,-17678143488.0,17949847552.0,650860544.0,3.625994828727557
1980-01-31 18:00:00,209699136.0,-18205538304.0,17690023936.0,305815552.0,1.7287458349768057
1980-02-01 00:00:00,301188256.0,-16723122176.0,16991564800.0,-569630720.0,-3.352432378682392
1980-02-01 06:00:00,-306148032.0,-16466019328.0,16531086336.0,241081344.0,1.45835149063975
1980-02-01 12:00:00,326039040.0,-17322123264.0,16649901056.0,346182656.0,2.0791874668543375
1980-02-01 18:00:00,747273920.0,-17781428224.0,17028080640.0,6073344.0,0.035666638703444616
1980-02-02 00:00:00,322601728.0,-16551426048.0,16769390592.0,-540566528.0,-3.2235311416616566
1980-02-02 06:00:00,-70827816.0,-16565627904.0,16331677696.0,304778240.0,1.8661783906906706
1980-02-02 12:00:00,357336480.0,-17549731840.0,17039962112.0,152432640.0,0.8945597355093462
1980-02-02 18:00:00,408581152.0,-17985611776.0,17661085696.0,-84056064.0,-0.47593939266733515
1980-02-03 00:00:00,-12558121.0,-16817645568.0,17362792448.0,-532588544.0,-3.0674129498181513
1980-02-03 06:00:00,-620099904.0,-16875654144.0,17259665408.0,236089344.0,1.3678674436560665
1980-02-03 12:00:00,-137203488.0,-17860257792.0,17798977536.0,198483968.0,1.1151425277016542
1980-02-03 18:00:00,28138080.0,-18140055552.0,18142164992.0,-30246912.0,-0.16672162342993646
1980-02-04 00:00:00,-298152256.0,-16842397696.0,17631449088.0,-490899456.0,-2.7842263761184958
1980-02-04 06:00:00,-686957376.0,-16753557504.0,17118768128.0,321745920.0,1.8794922484740135
1980-02-04 12:00:00,-66557584.0,-17495834624.0,17295300608.0,267091968.0,1.5443037045361079
1980-02-04 18:00:00,324604608.0,-17721982976.0,17355323392.0,42055680.0,0.2423215001535824
1980-02-05 00:00:00,112788128.0,-16488900608.0,16851751936.0,-475639808.0,-2.822494716314343
1980-02-05 06:00:00,-415978656.0,-16533475328.0,16749819904.0,199633920.0,1.1918571133551454
1980-02-05 12:00:00,-42044080.0,-17388902400.0,17257203712.0,173742080.0,1.0067800258925286
1980-02-05 18:00:00,181503904.0,-17808779264.0,17602197504.0,25077760.0,0.14246948424650513
1980-02-06 00:00:00,-67235336.0,-16662111232.0,17195274240.0,-465927168.0,-2.709623362191867
1980-02-06 06:00:00,-415989344.0,-16547624960.0,16518952960.0,444661760.0,2.6918277512910844
1980-02-06 12:00:00,615594816.0,-17411311616.0,16320905216.0,474811392.0,2.909222164555704
1980-02-06 18:00:00,1227299584.0,-17899597824.0,16645679104.0,26618880.0,0.15991465312823083
1980-02-07 00:00:00,786808384.0,-16866683904.0,16762860544.0,-682985472.0,-4.074396909807042
1980-02-07 06:00:00,-40641136.0,-16886695936.0,16643412992.0,283924480.0,1.705927024321719
1980-02-07 12:00:00,730246528.0,-17829660672.0,16703278080.0,396136448.0,2.3716090105350145
1980-02-07 18:00:00,1036136576.0,-18270654464.0,17390280704.0,-155762688.0,-0.8956881757760958
1980-02-08 00:00:00,514045856.0,-17156695040.0,17155390464.0,-512741376.0,-2.9888062126943145
1980-02-08 06:00:00,-55483312.0,-17022445568.0,16883095552.0,194833408.0,1.1540147208188944
1980-02-08 12:00:00,361807392.0,-17737590784.0,17131885568.0,243897344.0,1.4236456520324103
1980-02-08 18:00:00,740390464.0,-17945257984.0,17203974144.0,892928.0,0.00519024262955786
1980-02-09 00:00:00,403991488.0,-16675333120.0,16772397056.0,-501055488.0,-2.9873815074080725
1980-02-09 06:00:00,40628860.0,-16593010688.0,16164511744.0,387869696.0,2.399513837118964
1980-02-09 12:00:00,820749312.0,-17310461952.0,16168684544.0,321028096.0,1.9854929764161278
1980-02-09 18:00:00,1360397696.0,-17471858688.0,16000573440.0,110887936.0,0.6930247619925302
1980-02-10 00:00:00,1230128768.0,-16110747648.0,15356509184.0,-475890688.0,-3.098950954920355
1980-02-10 06:00:00,837046016.0,-15989890048.0,14869972992.0,282870784.0,1.9022952103018858
1980-02-10 12:00:00,1314274304.0,-16561219584.0,15102386176.0,144559104.0,0.9571937991476241
1980-02-10 18:00:00,1385506304.0,-16897587200.0,15724468224.0,-212387840.0,-1.3506837685985202
1980-02-11 00:00:00,500745280.0,-15654263808.0,15944174592.0,-790656000.0,-4.95890204562055
1980-02-11 06:00:00,-405424992.0,-15672193024.0,15797468160.0,280150016.0,1.7733855397750016
1980-02-11 12:00:00,138321616.0,-16378350592.0,16048721920.0,191306752.0,1.1920373033667717
1980-02-11 18:00:00,231111952.0,-16974237696.0,16886599680.0,-143473664.0,-0.8496302791492479
1980-02-12 00:00:00,-477020800.0,-16073282560.0,17222914048.0,-672610304.0,-3.9053223056530695
1980-02-12 06:00:00,-1138634240.0,-16256750592.0,16983190528.0,412193792.0,2.4270692324885634
1980-02-12 12:00:00,-283250176.0,-17022023680.0,16951668736.0,353605632.0,2.0859635561958165
1980-02-12 18:00:00,44943116.0,-17438267392.0,17465640960.0,-72316928.0,-0.41405252842206597
1980-02-13 00:00:00,-355826816.0,-16319477760.0,17163309056.0,-488004608.0,-2.8433014077166074
1980-02-13 06:00:00,-687325504.0,-16212756480.0,16500649984.0,399431680.0,2.420702701937878
1980-02-13 12:00:00,59164020.0,-16813804544.0,16532734976.0,221905920.0,1.3422214795200742
1980-02-13 18:00:00,216854880.0,-17294278656.0,17167734784.0,-90310656.0,-0.5260487602835512
1980-02-14 00:00:00,-146886704.0,-16144914432.0,16704348160.0,-412547072.0,-2.4696987158581827
1980-02-14 06:00:00,-455726656.0,-15960380416.0,16128541696.0,287565824.0,1.7829623373284795
1980-02-14 12:00:00,133163400.0,-16677537792.0,16298426368.0,245948416.0,1.509031672425076
1980-02-14 18:00:00,314419648.0,-17039020032.0,16818703360.0,-94102528.0,-0.5595111940900538
1980-02-15 00:00:00,-169247776.0,-15652866048.0,16469737472.0,-647623680.0,-3.932204026330214
1980-02-15 06:00:00,-907168064.0,-15431468032.0,16114775040.0,223860736.0,1.3891645117250113
1980-02-15 12:00:00,-343802944.0,-16178550784.0,16225521664.0,296832000.0,1.8294142163613087
1980-02-15 18:00:00,-91827920.0,-16614917120.0,16799312896.0,-92567552.0,-0.551019869521216
1980-02-16 00:00:00,-468363776.0,-15521376256.0,16400899072.0,-411159552.0,-2.506933005288358
1980-02-16 06:00:00,-743723712.0,-15651638272.0,15972760576.0,422601728.0,2.645765119869033
1980-02-16 12:00:00,150672032.0,-16726227968.0,16166816768.0,408738816.0,2.528257862172611
1980-02-16 18:00:00,517306240.0,-17240545280.0,16798908416.0,-75669504.0,-0.45044298192571325
1980-02-17 00:00:00,-42206448.0,-16152316928.0,16839257088.0,-644733952.0,-3.8287553223440636
1980-02-17 06:00:00,-752034432.0,-16175294464.0,16703142912.0,224186368.0,1.3421807451514907
1980-02-17 12:00:00,-384942240.0,-17057204224.0,17326168064.0,115978240.0,0.669381940493683
1980-02-17 18:00:00,-210873344.0,-17486249984.0,17536499712.0,160624640.0,0.9159447018385695
1980-02-18 00:00:00,-38410560.0,-16397973504.0,16687962112.0,-251578368.0,-1.5075439787767417
1980-02-18 06:00:00,-126390944.0,-16445218816.0,16259057664.0,312552448.0,1.9223281844435434
1980-02-18 12:00:00,252157760.0,-17379936256.0,17094721536.0,33056768.0,0.19337412388020078
1980-02-18 18:00:00,129606960.0,-17728718848.0,17692506112.0,-93394944.0,-0.5278785459152934
1980-02-19 00:00:00,-436093664.0,-16403123200.0,17546971136.0,-707753984.0,-4.033482351537847
1980-02-19 06:00:00,-1259945088.0,-16276381696.0,17360068608.0,176259072.0,1.0153132224303247
1980-02-19 12:00:00,-942675520.0,-17111235584.0,17903874048.0,150036480.0,0.8380112572159221
1980-02-19 18:00:00,-664073536.0,-17675925504.0,18166366208.0,173633536.0,0.955796740041144
1980-02-20 00:00:00,-657249664.0,-16557345792.0,17662214144.0,-447619072.0,-2.534331586915222
1980-02-20 06:00:00,-1110202624.0,-16557389824.0,17381533696.0,286058496.0,1.645760961047013
1980-02-20 12:00:00,-434082112.0,-17493288960.0,17515108352.0,412262400.0,2.3537530668654125
1980-02-20 18:00:00,184803328.0,-18078906368.0,17775118336.0,118984704.0,0.66938909632472
1980-02-21 00:00:00,-9539546.0,-17074419712.0,17597011968.0,-513052672.0,-2.91556698906031
1980-02-21 06:00:00,-608645696.0,-17104684032.0,17537742848.0,175587328.0,1.001196844553026
1980-02-21 12:00:00,-269745280.0,-18021089280.0,18055477248.0,235358208.0,1.3035280362144432
1980-02-21 18:00:00,148299232.0,-18582487040.0,18309699584.0,124487680.0,0.6799001776565686
1980-02-22 00:00:00,-175636080.0,-17478719488.0,18353793024.0,-699437056.0,-3.810858360914248
1980-02-22 06:00:00,-1129576832.0,-17181423616.0,18258733056.0,52267008.0,0.2862575833695348
1980-02-22 12:00:00,-860475264.0,-18124097536.0,18775879680.0,208693248.0,1.1114965133820032
1980-02-22 18:00:00,-812855360.0,-18607034368.0,19532003328.0,-112113664.0,-0.5739998202810054
1980-02-23 00:00:00,-1189813888.0,-17407154176.0,18995210240.0,-398241792.0,-2.096537953348812
1980-02-23 06:00:00,-1324153216.0,-17069750272.0,17973032960.0,420870144.0,2.341675692336793
1980-02-23 12:00:00,-376001216.0,-17655894016.0,17576464384.0,455430144.0,2.591136272062667
1980-02-23 18:00:00,295675968.0,-17872683008.0,17483227136.0,93779968.0,0.5363996433295551
1980-02-24 00:00:00,233819456.0,-16817479680.0,16956146688.0,-372486144.0,-2.196761745778075
1980-02-24 06:00:00,-61333856.0,-16742411264.0,16520668160.0,283076608.0,1.713469487180838
1980-02-24 12:00:00,441320832.0,-17591511040.0,16966919168.0,183271424.0,1.080169134922586
1980-02-24 18:00:00,735044032.0,-17995464704.0,17078024192.0,182396928.0,1.0680212532164095
1980-02-25 00:00:00,930425472.0,-16919115776.0,16236475392.0,-247785472.0,-1.5261038249846288
1980-02-25 06:00:00,684772544.0,-16930734080.0,16117885952.0,128075776.0,0.7946189492928359
1980-02-25 12:00:00,708703104.0,-18016638976.0,17353478144.0,-45541376.0,-0.26243370707644575
1980-02-25 18:00:00,482362496.0,-18538143744.0,18137190400.0,-81410048.0,-0.44885699606483703
1980-02-26 00:00:00,132515352.0,-17396158464.0,17730078720.0,-466436096.0,-2.630761562687523
1980-02-26 06:00:00,-443561600.0,-17289979904.0,17612408832.0,121133056.0,0.6877710888695319
1980-02-26 12:00:00,-2254444.5,-18279288832.0,17857212416.0,424331264.0,2.3762458222191536
1980-02-26 18:00:00,764950528.0,-18759436288.0,17720352768.0,274132992.0,1.5469951167960856
1980-02-27 00:00:00,925788352.0,-17496528896.0,16959728640.0,-388987904.0,-2.2935974522762175
1980-02-27 06:00:00,738308672.0,-17269987328.0,16104798208.0,426880000.0,2.6506386139501514
1980-02-27 12:00:00,1472896000.0,-17994528768.0,16425925632.0,95707136.0,0.5826590120044688
1980-02-27 18:00:00,1290653056.0,-18303330304.0,17261682688.0,-249005056.0,-1.4425306066661951
1980-02-28 00:00:00,450603776.0,-16991784960.0,17360373760.0,-819192832.0,-4.718751124399755
1980-02-28 06:00:00,-675219776.0,-16669160448.0,17264740352.0,79640576.0,0.46129031990205516
1980-02-28 12:00:00,-237202160.0,-17497737216.0,17336899584.0,398039040.0,2.295906705068218
1980-02-28 18:00:00,414551584.0,-18054152192.0,17440010240.0,199589888.0,1.1444367592297928
1980-03-01 00:00:00,536417312.0,-17023510528.0,16821433344.0,-334340096.0,-1.9875838709027434
1980-03-01 06:00:00,148098224.0,-16849646592.0,16566525952.0,135022592.0,0.8150326289966627
1980-03-01 12:00:00,384803456.0,-17703835648.0,17200392192.0,118640640.0,0.6897554350835119
1980-03-01 18:00:00,499302112.0,-18228291584.0,17621442560.0,107546624.0,0.6103167980363124
1980-03-02 00:00:00,475690112.0,-17075936256.0,17089253376.0,-489007104.0,-2.861488991009738
1980-03-02 06:00:00,-99740424.0,-16876732416.0,16721786880.0,254686208.0,1.5230800980044543
1980-03-02 12:00:00,556722048.0,-17707948032.0,16864380928.0,286844928.0,1.7008921301329847
1980-03-02 18:00:00,693051392.0,-18050670592.0,17518759936.0,-161140736.0,-0.9198181640063773
1980-03-03 00:00:00,117032992.0,-16587267072.0,17117939712.0,-647705600.0,-3.7837824580369688
1980-03-03 06:00:00,-503662720.0,-16411950080.0,16595097600.0,320515072.0,1.9313840733301864
1980-03-03 12:00:00,172565504.0,-17455378432.0,16943001600.0,339812352.0,2.0056207277935925
1980-03-03 18:00:00,472257952.0,-18004396032.0,17607882752.0,-75745280.0,-0.4301782392968083
1980-03-04 00:00:00,41796452.0,-16920920064.0,17352613888.0,-473490432.0,-2.7286403942142505
1980-03-04 06:00:00,-164185488.0,-17011307520.0,16675604480.0,499888128.0,2.997721183658105
1980-03-04 12:00:00,658475264.0,-17940822016.0,17004026880.0,278320128.0,1.6367895085331694
1980-03-04 18:00:00,1071538560.0,-18287233024.0,17123290112.0,92404736.0,0.5396435813187722
1980-03-05 00:00:00,898888384.0,-16936797184.0,16561108992.0,-523200512.0,-3.1592118151793875
1980-03-05 06:00:00,324542560.0,-16709189632.0,16232535040.0,152112128.0,0.9370817782014164
1980-03-05 12:00:00,664413056.0,-17467383808.0,16620873728.0,182096896.0,1.0955915975297636
1980-03-05 18:00:00,684099008.0,-17585942528.0,17136461824.0,-234617856.0,-1.3691149223780397
1980-03-06 00:00:00,48077392.0,-16373561344.0,16831563776.0,-506080256.0,-3.0067334368635197
1980-03-06 06:00:00,-294621440.0,-16376509440.0,16277033984.0,394096640.0,2.421182141582976
1980-03-06 12:00:00,414901408.0,-17300824064.0,16655734784.0,230188032.0,1.3820346864620199
1980-03-06 18:00:00,442684704.0,-17628553216.0,17418768384.0,-232900608.0,-1.3370670237163882
1980-03-07 00:00:00,-230447328.0,-16436160512.0,17200596992.0,-533989376.0,-3.104481642400892
1980-03-07 06:00:00,-699455168.0,-16410572800.0,16828697600.0,281330688.0,1.6717317922451704
1980-03-07 12:00:00,-199534352.0,-17228374016.0,17282152448.0,145756160.0,0.8433912409843822
1980-03-07 18:00:00,-434503808.0,-17316972544.0,18173063168.0,-421586944.0,-2.31984525725058
1980-03-08 00:00:00,-1180278784.0,-15996677120.0,17509648384.0,-332692480.0,-1.9000523180351718
1980-03-08 06:00:00,-1172108288.0,-15827674112.0,16554159104.0,445623296.0,2.6919113994278545
1980-03-08 12:00:00,-335292480.0,-16782978048.0,16793108480.0,325161984.0,1.9362822814326273
1980-03-08 18:00:00,-61891680.0,-17259022336.0,17311657984.0,9256960.0,0.05347240575429335
1980-03-09 00:00:00,-180999136.0,-16058475520.0,16671767552.0,-432292864.0,-2.592963599400357
1980-03-09 06:00:00,-527149280.0,-15937602560.0,16064196608.0,400555008.0,2.4934643030982504
1980-03-09 12:00:00,299499584.0,-16783464448.0,16153609216.0,330355712.0,2.0450891660347073
1980-03-09 18:00:00,638415488.0,-17233717248.0,16642264064.0,-46962688.0,-0.2821892971977782
1980-03-10 00:00:00,272266624.0,-16083203072.0,16289444864.0,-478508032.0,-2.9375343112981853
1980-03-10 06:00:00,-81162280.0,-16044546048.0,15760817152.0,364891136.0,2.31517904484855
1980-03-10 12:00:00,533006496.0,-16758932480.0,16035741696.0,190184448.0,1.1860034391015424
1980-03-10 18:00:00,572242304.0,-17008108544.0,16676872192.0,-241005568.0,-1.4451484980235796
1980-03-11 00:00:00,2492870.75,-15631736832.0,16029694976.0,-400450560.0,-2.498179538659738
1980-03-11 06:00:00,-106228920.0,-15543097344.0,15271024640.0,378301440.0,2.4772498828212224
1980-03-11 12:00:00,451913344.0,-16426336256.0,15769255936.0,205166592.0,1.3010543606665703
1980-03-11 18:00:00,575819264.0,-16716995584.0,16220453888.0,-79277056.0,-0.48874745766916977
1980-03-12 00:00:00,299339776.0,-15483717632.0,15623105536.0,-438727680.0,-2.808197633876625
1980-03-12 06:00:00,-26634066.0,-15527232512.0,15231347712.0,322519040.0,2.1174688287491708
1980-03-12 12:00:00,192875040.0,-16491374592.0,16466285568.0,-167786496.0,-1.0189699146604767
1980-03-12 18:00:00,-383620320.0,-16825676800.0,17416488960.0,-207192064.0,-1.1896316443334398
1980-03-13 00:00:00,-694460160.0,-15848720384.0,16777474048.0,-234293248.0,-1.3964751030440694
1980-03-13 06:00:00,-676298368.0,-16166797312.0,16387494912.0,455601152.0,2.7801757037701895
1980-03-13 12:00:00,29493082.0,-17145036800.0,16903447552.0,212096000.0,1.2547499517333967
1980-03-13 18:00:00,25522342.0,-17663514624.0,17820774400.0,-182781952.0,-1.0256678407869861
1980-03-14 00:00:00,-535979392.0,-16479798272.0,17587243008.0,-571465728.0,-3.249319564982723
1980-03-14 06:00:00,-1032743360.0,-16559235072.0,17240229888.0,351748096.0,2.040274974783445
1980-03-14 12:00:00,-471612480.0,-17391122432.0,17632739328.0,229996544.0,1.3043721665797883
1980-03-14 18:00:00,42928420.0,-17862410240.0,17520021504.0,299460608.0,1.7092479477358522
1980-03-15 00:00:00,262407360.0,-16680324096.0,16851169280.0,-433252352.0,-2.571052161431969
1980-03-15 06:00:00,-196374400.0,-16747794432.0,16782570496.0,161598464.0,0.9628945937603288
1980-03-15 12:00:00,-100993592.0,-17393244160.0,17491632128.0,2605056.0,0.014893155658298554
1980-03-15 18:00:00,-189952496.0,-17816016896.0,18112135168.0,-106166272.0,-0.5861609965652835
1980-03-16 00:00:00,-751877568.0,-16591385600.0,17955807232.0,-612544512.0,-3.4114005796873994
1980-03-16 06:00:00,-1284083968.0,-16749000704.0,17609424896.0,423659520.0,2.4058680081950587
1980-03-16 12:00:00,-488556768.0,-17790763008.0,17971965952.0,307353600.0,1.7101835203832907
1980-03-16 18:00:00,-161233584.0,-18410682368.0,18506807296.0,65107968.0,0.35180551112169534
1980-03-17 00:00:00,-198407264.0,-17357201408.0,17788010496.0,-232400896.0,-1.3065030293987072
1980-03-17 06:00:00,-20520014.0,-17507223552.0,17027809280.0,499935232.0,2.9359926681067456
1980-03-17 12:00:00,653819840.0,-18362210304.0,17548560384.0,159830016.0,0.9107870531974004
1980-03-17 18:00:00,754925504.0,-18592937984.0,17958041600.0,-120029184.0,-0.6683868245410457
1980-03-18 00:00:00,254708224.0,-17284265984.0,17535549440.0,-505991168.0,-2.8855164745838726
1980-03-18 06:00:00,-142735360.0,-17249785856.0,17153346560.0,239174656.0,1.3943323255517552
1980-03-18 12:00:00,97592968.0,-18118393856.0,17990733824.0,30066688.0,0.16712318849323665
1980-03-18 18:00:00,-38386520.0,-18326542336.0,18526781440.0,-161853440.0,-0.8736187692620613
1980-03-19 00:00:00,-392734400.0,-17181702144.0,17844502528.0,-270065664.0,-1.5134390189708964
1980-03-19 06:00:00,-459622880.0,-17177960448.0,17358145536.0,279437312.0,1.6098339043215175
1980-03-19 12:00:00,-144556512.0,-18022926336.0,18143084544.0,24397824.0,0.13447450978267347
1980-03-19 18:00:00,-295682496.0,-18206775296.0,18633263104.0,-130805760.0,-0.7020013578401088
1980-03-20 00:00:00,-586959360.0,-16970046464.0,17899163648.0,-342157312.0,-1.9115826791059685
1980-03-20 06:00:00,-728388224.0,-16948000768.0,17300142080.0,376246272.0,2.1748160810480464
1980-03-20 12:00:00,-135655920.0,-17715351552.0,17665253376.0,185753600.0,1.0515195907258523
1980-03-20 18:00:00,28436280.0,-17691533312.0,17797279744.0,-134182912.0,-0.7539518057260246
1980-03-21 00:00:00,-327555488.0,-16478565376.0,17102941184.0,-296820736.0,-1.735495274214468
1980-03-21 06:00:00,-211283344.0,-16424826880.0,16049289216.0,586820608.0,3.6563650894581774
1980-03-21 12:00:00,833802048.0,-17149188096.0,16034847744.0,280538112.0,1.7495527022074355
1980-03-21 18:00:00,1079453440.0,-17189736448.0,16262345728.0,-152062976.0,-0.935061758883792
1980-03-22 00:00:00,661602560.0,-16090700800.0,15692685312.0,-263586816.0,-1.6796794860752
1980-03-22 06:00:00,834064576.0,-16181155840.0,14774242304.0,572849152.0,3.877350460435497
1980-03-22 12:00:00,1678971904.0,-16941597696.0,15208569856.0,54055936.0,0.3554307637852888
1980-03-22 18:00:00,1419660928.0,-16993497088.0,15864147968.0,-290312192.0,-1.8299891843268012
1980-03-23 00:00:00,843740096.0,-15806130176.0,15321848832.0,-359458816.0,-2.3460537950828937
1980-03-23 06:00:00,604819904.0,-15852346368.0,14974380032.0,273146880.0,1.824094749941498
1980-03-23 12:00:00,860308608.0,-16712525824.0,15953681408.0,-101464064.0,-0.635991539539712
1980-03-23 18:00:00,399718464.0,-16927502336.0,16760662016.0,-232878080.0,-1.38943246858442
1980-03-24 00:00:00,-91761560.0,-15855297536.0,16341727232.0,-394668032.0,-2.4150937437455817
1980-03-24 06:00:00,-364818592.0,-16093130752.0,16115685376.0,342263808.0,2.123793062563199
1980-03-24 12:00:00,183627008.0,-17076280320.0,16673460224.0,219193344.0,1.3146242055052868
1980-03-24 18:00:00,393416736.0,-17419896832.0,17003814912.0,22665216.0,0.13329488774901105
1980-03-25 00:00:00,258138016.0,-16257720320.0,16353548288.0,-353966080.0,-2.1644604202485844
1980-03-25 06:00:00,110106256.0,-16144011264.0,15723855872.0,310048768.0,1.9718367461769621
1980-03-25 12:00:00,324899488.0,-17016290304.0,16899821568.0,-208431104.0,-1.2333331636747373
1980-03-25 18:00:00,-383324416.0,-17403256832.0,18046517248.0,-259936256.0,-1.4403679803027223
1980-03-26 00:00:00,-792847808.0,-16312237056.0,17334792192.0,-229707776.0,-1.3251256401332001
1980-03-26 06:00:00,-595206272.0,-16357377024.0,16456646656.0,495936512.0,3.0135939743178746
1980-03-26 12:00:00,-90617016.0,-17151142912.0,17330012160.0,-88252416.0,-0.5092461285382041
1980-03-26 18:00:00,-301605440.0,-17403457536.0,17651236864.0,53825536.0,0.3049391746012887
1980-03-27 00:00:00,-271818912.0,-16252016640.0,16846245888.0,-322410496.0,-1.9138418027583286
1980-03-27 06:00:00,-505351488.0,-16129420288.0,16348966912.0,285804544.0,1.7481504827697825
1980-03-27 12:00:00,48514592.0,-16818885632.0,16509431808.0,260938752.0,1.580543504068726
1980-03-27 18:00:00,519902112.0,-17040395264.0,16317126656.0,203366400.0,1.246337080586549
1980-03-28 00:00:00,621263104.0,-15924023296.0,15713478656.0,-410718208.0,-2.6137955636142496
1980-03-28 06:00:00,225258464.0,-15822032896.0,15435390976.0,161383424.0,1.045541536660328
1980-03-28 12:00:00,573976896.0,-16839330816.0,16014808064.0,250546176.0,1.564465680754599
1980-03-28 18:00:00,594113408.0,-17384105984.0,17006658560.0,-216666112.0,-1.2740075379040243
1980-03-29 00:00:00,-24901060.0,-16362186752.0,16910065664.0,-522978304.0,-3.092704158525969
1980-03-29 06:00:00,-477095392.0,-16473652224.0,16625871872.0,324875264.0,1.9540344500496822
1980-03-29 12:00:00,26044306.0,-17554100224.0,17330491392.0,197564416.0,1.1399816169736452
1980-03-29 18:00:00,126490928.0,-17942833152.0,17890271232.0,-73928704.0,-0.41323411501869844
1980-03-30 00:00:00,-162358608.0,-16638081024.0,17186828288.0,-386388992.0,-2.2481692696597215
1980-03-30 06:00:00,-254060304.0,-16651659264.0,16454081536.0,451638272.0,2.7448403668831802
1980-03-30 12:00:00,284045504.0,-17446719488.0,17209821184.0,-47147008.0,-0.27395408410072647
1980-03-30 18:00:00,-64931888.0,-17677285376.0,17904463872.0,-162246656.0,-0.9061799178121741
1980-03-31 00:00:00,-334992288.0,-16410731520.0,17040066560.0,-294342656.0,-1.7273562574628816
1980-03-31 06:00:00,-297297888.0,-16416735232.0,16215619584.0,498413568.0,3.073663423208239
1980-03-31 12:00:00,424882304.0,-17127723008.0,16682383360.0,20457472.0,0.1226291924752891
1980-03-31 18:00:00,89714744.0,-17292451840.0,17370607616.0,-167870464.0,-0.9664052502422262
1980-04-01 00:00:00,-51595952.0,-15964722176.0,16220531712.0,-204213248.0,-1.2589799867591418
1980-04-01 06:00:00,87136320.0,-15902831616.0,15332059136.0,483636224.0,3.154411417996764
1980-04-01 12:00:00,747205568.0,-16767721472.0,16005801984.0,14713856.0,0.09192826460497588
1980-04-01 18:00:00,433402848.0,-17158710272.0,16896636928.0,-171329536.0,-1.0139860182240403
1980-04-02 00:00:00,10643072.0,-16058682368.0,16494732288.0,-446693376.0,-2.708097156114329
1980-04-02 06:00:00,-266993056.0,-16152968192.0,16021866496.0,398094336.0,2.48469387820319
1980-04-02 12:00:00,150114016.0,-17079115776.0,16936163328.0,-7161856.0,-0.04228735789385982
1980-04-02 18:00:00,39863212.0,-17500170240.0,17445109760.0,15198208.0,0.0871201626650012
1980-04-03 00:00:00,12054959.0,-16515571712.0,16715768832.0,-212251648.0,-1.2697689836059107
1980-04-03 06:00:00,169464288.0,-16697626624.0,15995966464.0,532196352.0,3.3270659400152143
1980-04-03 12:00:00,806031104.0,-17641240576.0,16866541568.0,-31332352.0,-0.18576631061963064
1980-04-03 18:00:00,330289120.0,-18046709760.0,18021423104.0,-305002496.0,-1.69244401088559
1980-04-04 00:00:00,-223094672.0,-16930190336.0,17543657472.0,-390372352.0,-2.2251480492197335
1980-04-04 06:00:00,-493588384.0,-16964750336.0,17069708288.0,388629504.0,2.276720242918307
1980-04-04 12:00:00,252006960.0,-17764732928.0,17282326528.0,230400000.0,1.333153841450206
1980-04-04 18:00:00,342241408.0,-18135764992.0,17932926976.0,-139403264.0,-0.7773592352579488
1980-04-05 00:00:00,-39216636.0,-17039342592.0,17475125248.0,-396566528.0,-2.269320089968376
1980-04-05 06:00:00,-384979104.0,-16956219392.0,17096061952.0,245136384.0,1.4338763201037796
1980-04-05 12:00:00,-44122140.0,-17738190848.0,17720215552.0,62097408.0,0.3504325769501791
1980-04-05 18:00:00,-167432992.0,-18106705920.0,18418511872.0,-144373760.0,-0.7838513828007918
1980-04-06 00:00:00,-572100032.0,-17046441984.0,18036101120.0,-417558528.0,-2.3151263414517826
1980-04-06 06:00:00,-979747392.0,-17122131968.0,17844457472.0,257421312.0,1.4425841323779305
1980-04-06 12:00:00,-478911584.0,-17900218368.0,18127579136.0,251551744.0,1.3876742289346142
1980-04-06 18:00:00,-156346096.0,-18199588864.0,18280157184.0,75778048.0,0.4145371795070009
1980-04-07 00:00:00,-88428328.0,-16938012672.0,17316179968.0,-289738752.0,-1.673225575937835
1980-04-07 06:00:00,-99515480.0,-16770436096.0,16379802624.0,490148864.0,2.992397864928021
1980-04-07 12:00:00,790842496.0,-17361483776.0,16320570368.0,250071040.0,1.5322444887730042
1980-04-07 18:00:00,985795456.0,-17447981056.0,16575312896.0,-113127424.0,-0.6825055111164763
1980-04-08 00:00:00,678290624.0,-16174881792.0,15920508928.0,-423917568.0,-2.662713672767333
1980-04-08 06:00:00,284993888.0,-16161655808.0,15632419840.0,244242432.0,1.5624096237169638
1980-04-08 12:00:00,551039488.0,-16794775552.0,16289226752.0,-45490176.0,-0.2792654107685909
1980-04-08 18:00:00,297199104.0,-16786814976.0,16680464384.0,-190849024.0,-1.1441469470302248
1980-04-09 00:00:00,-195032912.0,-15482215424.0,16170161152.0,-492912640.0,-3.048285266711979
1980-04-09 06:00:00,-519184224.0,-15503309824.0,15569348608.0,453145600.0,2.910498129428229
1980-04-09 12:00:00,371917728.0,-16171267072.0,15505140736.0,294208512.0,1.897490109953685
1980-04-09 18:00:00,497627328.0,-16123771904.0,15923606528.0,-297461760.0,-1.8680552014202596
1980-04-10 00:00:00,-282218080.0,-14733100032.0,15614567424.0,-599248896.0,-3.837755345555963
1980-04-10 06:00:00,-638667584.0,-14837050368.0,14920345600.0,555372544.0,3.7222498653114306
1980-04-10 12:00:00,412676384.0,-15698215936.0,14984473600.0,301066240.0,2.0091879637333405
1980-04-10 18:00:00,413037344.0,-15725852672.0,15682065408.0,-369250304.0,-2.3546024990536756
1980-04-11 00:00:00,-422822912.0,-14564430848.0,15536280576.0,-549026816.0,-3.533836900758093
1980-04-11 06:00:00,-786048512.0,-14779090944.0,14997366784.0,567773184.0,3.7858191519709385
1980-04-11 12:00:00,382722560.0,-15925038080.0,15104284672.0,438030336.0,2.900040256868379
1980-04-11 18:00:00,647225984.0,-16185859072.0,15770096640.0,-231463936.0,-1.4677394900225544
1980-04-12 00:00:00,114720496.0,-15016884224.0,15263374336.0,-361210880.0,-2.3665204826173505
1980-04-12 06:00:00,69871560.0,-15252343808.0,14623856640.0,558615552.0,3.819892151240345
1980-04-12 12:00:00,847370560.0,-16393681920.0,15482990592.0,63321088.0,0.40897194649667845
1980-04-12 18:00:00,447927232.0,-16730192896.0,16704740352.0,-422474752.0,-2.5290710486824093
1980-04-13 00:00:00,-612033728.0,-15676457984.0,16946449408.0,-657957888.0,-3.882570750716633
1980-04-13 06:00:00,-1027169152.0,-15940635648.0,16266027008.0,701777920.0,4.314378180085707
1980-04-13 12:00:00,298889664.0,-16918665216.0,16230809600.0,388966400.0,2.396469489728966
1980-04-13 18:00:00,563422848.0,-17161791488.0,16844366848.0,-245998592.0,-1.4604205323942372
1980-04-14 00:00:00,-56959492.0,-16189347840.0,16626873344.0,-380565504.0,-2.2888578996563504
1980-04-14 06:00:00,-152844000.0,-16455712768.0,16036448256.0,572108800.0,3.5675530570551794
1980-04-14 12:00:00,695982080.0,-17551595520.0,16769603584.0,86009856.0,0.51289140836974
1980-04-14 18:00:00,363130560.0,-17904257024.0,17880858624.0,-339732480.0,-1.899978558881983
1980-04-15 00:00:00,-183195872.0,-16927503360.0,17385125888.0,-274426880.0,-1.5785153456347523
1980-04-15 06:00:00,-259393552.0,-17150844928.0,16915022848.0,495215616.0,2.9276674376975693
1980-04-15 12:00:00,643994240.0,-17883316224.0,17018229760.0,221092864.0,1.2991531264882865
1980-04-15 18:00:00,714873216.0,-17759770624.0,17274499072.0,-229601280.0,-1.3291342286860148
1980-04-16 00:00:00,51533880.0,-16493084672.0,17076416512.0,-634865664.0,-3.717792099729267
1980-04-16 06:00:00,-618957504.0,-16464358400.0,16719775744.0,363540480.0,2.1743143303250276
1980-04-16 12:00:00,264293520.0,-17050830848.0,16440522752.0,346014720.0,2.1046454861534563
1980-04-16 18:00:00,557920256.0,-16961179648.0,16567742464.0,-164483072.0,-0.9927910960555114
1980-04-17 00:00:00,172896352.0,-15853254656.0,16054367232.0,-374008832.0,-2.3296391978284605
1980-04-17 06:00:00,-85863024.0,-16110162944.0,15803864064.0,392162304.0,2.481433036957815
1980-04-17 12:00:00,554547392.0,-16960236544.0,16302048256.0,103641088.0,0.6357550068093726
1980-04-17 18:00:00,412171808.0,-17259300864.0,17045249024.0,-198120448.0,-1.162320642667309
1980-04-18 00:00:00,-44249996.0,-16269814784.0,16662454272.0,-348389376.0,-2.0908647088408947
1980-04-18 06:00:00,-213262976.0,-16520256512.0,16265719808.0,467800064.0,2.875987472561288
1980-04-18 12:00:00,502609984.0,-17336469504.0,16752078848.0,81780736.0,0.4881826114957885
1980-04-18 18:00:00,370902944.0,-17661595648.0,17423857664.0,-133165056.0,-0.7642685022337887
1980-04-19 00:00:00,-35456580.0,-16637355008.0,17136435200.0,-463623168.0,-2.7054819896264073
1980-04-19 06:00:00,-318739008.0,-16817802240.0,16592920576.0,543621120.0,3.2762232393632593
1980-04-19 12:00:00,677070656.0,-17622327296.0,16671097856.0,274158592.0,1.6445143227404735
1980-04-19 18:00:00,711802624.0,-17885347840.0,17487892480.0,-314347520.0,-1.79751516862025
1980-04-20 00:00:00,-44431664.0,-16698959872.0,17259892736.0,-516501504.0,-2.992495445366828
1980-04-20 06:00:00,-392163072.0,-16798700544.0,16686537728.0,504325120.0,3.022347285103624
1980-04-20 12:00:00,552553600.0,-17652142080.0,16838237184.0,261351424.0,1.552130553478252
1980-04-20 18:00:00,617979904.0,-17972183040.0,17519284224.0,-165081088.0,-0.9422821497116434
1980-04-21 00:00:00,319254944.0,-16624762880.0,16670946304.0,-365437952.0,-2.192064837449074
1980-04-21 06:00:00,59722372.0,-16509341696.0,16161959936.0,287659008.0,1.779852252691539
1980-04-21 12:00:00,467353696.0,-17255811072.0,16726307840.0,62149632.0,0.37156814638657276
1980-04-21 18:00:00,395246720.0,-17412632576.0,17103212544.0,-85826560.0,-0.5018154325054501
1980-04-22 00:00:00,284577856.0,-16153263104.0,16118666240.0,-249980928.0,-1.5508784925371095
1980-04-22 06:00:00,101652736.0,-16305016832.0,15941866496.0,261497856.0,1.640321452106081
1980-04-22 12:00:00,393981120.0,-17262587904.0,16926113792.0,-57506816.0,-0.33975203467662
1980-04-22 18:00:00,-193113232.0,-17576245248.0,18130321408.0,-360962048.0,-1.9909302205791322
1980-04-23 00:00:00,-709059584.0,-16589587456.0,17546856448.0,-248209408.0,-1.4145519953136168
1980-04-23 06:00:00,-680835584.0,-16684201984.0,16878348288.0,486688768.0,2.883509450661242
1980-04-23 12:00:00,70845528.0,-17416931328.0,17276246016.0,69838848.0,0.40424782059320263
1980-04-23 18:00:00,-79939192.0,-17566248960.0,17678848000.0,-32659456.0,-0.18473746705667698
1980-04-24 00:00:00,23152434.0,-16352941056.0,16545925120.0,-216136704.0,-1.3062835860337798
1980-04-24 06:00:00,-695505.25,-16307952640.0,15868463104.0,440184832.0,2.7739600811690552
1980-04-24 12:00:00,773998336.0,-17142071296.0,16193271808.0,174800896.0,1.0794662009788702
1980-04-24 18:00:00,592548480.0,-17364692992.0,17133714432.0,-361570304.0,-2.1102855742985223
1980-04-25 00:00:00,-183121616.0,-16254539776.0,16964454400.0,-526792704.0,-3.1052734828890225
1980-04-25 06:00:00,-657572160.0,-16390805504.0,16640360448.0,408016896.0,2.45197150190962
1980-04-25 12:00:00,154918480.0,-17254103040.0,16755980288.0,343203840.0,2.0482468593364818
1980-04-25 18:00:00,603652160.0,-17402386432.0,16775498752.0,23235584.0,0.1385090502732732
1980-04-26 00:00:00,402843328.0,-16274068480.0,16380863488.0,-509638656.0,-3.1111830971141536
1980-04-26 06:00:00,-129319416.0,-16232140800.0,16018945024.0,342514688.0,2.1381850520545242
1980-04-26 12:00:00,691144448.0,-17073810432.0,15993676800.0,388988928.0,2.4321419825114887
1980-04-26 18:00:00,993375232.0,-17209849856.0,16401427456.0,-184952832.0,-1.1276630189425385
1980-04-27 00:00:00,557803712.0,-16130690048.0,15967200256.0,-394313728.0,-2.469523283218225
1980-04-27 06:00:00,221014720.0,-16216636416.0,15704235008.0,291386368.0,1.855463623994183
1980-04-27 12:00:00,768105792.0,-17238069248.0,16202206208.0,267757568.0,1.6525994334511804
1980-04-27 18:00:00,973139200.0,-17551517696.0,16743032832.0,-164654080.0,-0.9834184860780186
1980-04-28 00:00:00,168570640.0,-16470182912.0,17188194304.0,-886582272.0,-5.158088489805333
1980-04-28 06:00:00,-1118794880.0,-16618237952.0,17524862976.0,212170752.0,1.210684227834273
1980-04-28 12:00:00,-451872608.0,-17760286720.0,17820727296.0,391432192.0,2.1964995339323776
1980-04-28 18:00:00,6819950.0,-17954607104.0,17980178432.0,-32391168.0,-0.18014931343702473
1980-04-29 00:00:00,-248409344.0,-16750219264.0,17382090752.0,-383462400.0,-2.206077539641648
1980-04-29 06:00:00,-477462688.0,-16760891392.0,16831610880.0,406743040.0,2.4165425573336448
1980-04-29 12:00:00,256152096.0,-17851895808.0,17391519744.0,204224512.0,1.1742764002579855
1980-04-29 18:00:00,233021184.0,-18164500480.0,18113718272.0,-182239232.0,-1.0060840588522542
1980-04-30 00:00:00,-148417200.0,-17161673728.0,17639268352.0,-329177088.0,-1.8661606673877535
1980-04-30 06:00:00,-403558272.0,-17227554816.0,17254590464.0,376522752.0,2.1821598883240814
1980-04-30 12:00:00,541189888.0,-18198497280.0,17242093568.0,415213568.0,2.4081389325632965
1980-04-30 18:00:00,745574400.0,-18182590464.0,17742618624.0,-305602560.0,-1.7224208358208128
1980-05-01 00:00:00,108015048.0,-16818060288.0,17150814208.0,-440768512.0,-2.56995677671328
1980-05-01 06:00:00,-29838826.0,-16640056320.0,16100009984.0,569884672.0,3.5396541528008036
1980-05-01 12:00:00,1048423744.0,-17648121856.0,16309220352.0,290478080.0,1.7810666220128584
1980-05-01 18:00:00,1119636864.0,-17837502464.0,16986842112.0,-268976128.0,-1.5834380882953367
1980-05-02 00:00:00,449567424.0,-16607471616.0,16748807168.0,-590903296.0,-3.528032116394356
1980-05-02 06:00:00,-219753664.0,-16580001792.0,16459974656.0,339780608.0,2.0642839074855015
1980-05-02 12:00:00,447816896.0,-17582002176.0,17033180160.0,101005312.0,0.5929915086391008
1980-05-02 18:00:00,71721344.0,-17687631872.0,18031411200.0,-415500288.0,-2.3043137522148016
1980-05-03 00:00:00,-826944960.0,-16496911360.0,17890482176.0,-566626304.0,-3.167194145052874
1980-05-03 06:00:00,-1358686080.0,-16498314240.0,17554221056.0,302778368.0,1.7248180197463727
1980-05-03 12:00:00,-702681216.0,-17475340288.0,17875453952.0,302567424.0,1.6926419033187527
1980-05-03 18:00:00,-489555424.0,-17594216448.0,18162313216.0,-78540800.0,-0.4324383081930878
1980-05-04 00:00:00,-564807680.0,-16333494272.0,17081048064.0,-182746112.0,-1.0698764579039826
1980-05-04 06:00:00,-388439744.0,-16398766080.0,16224247808.0,562958336.0,3.4698578489562477
1980-05-04 12:00:00,456444768.0,-17436182528.0,16928739328.0,50998272.0,0.30125262733326674
1980-05-04 18:00:00,177891664.0,-17452382208.0,17499228160.0,-224737280.0,-1.2842696714687558
1980-05-05 00:00:00,-420031552.0,-16252518400.0,17261977600.0,-589427712.0,-3.414601302691993
1980-05-05 06:00:00,-939468352.0,-16359972864.0,16760172544.0,539269120.0,3.217563056610976
1980-05-05 12:00:00,301297088.0,-17287456768.0,16602247168.0,383912960.0,2.312415639371838
1980-05-05 18:00:00,478238144.0,-17267959808.0,16954892288.0,-165170176.0,-0.9741741392064218
1980-05-06 00:00:00,130847168.0,-16026693632.0,16290428928.0,-394582016.0,-2.4221708203262358
1980-05-06 06:00:00,-84185992.0,-16274772992.0,15890709504.0,468249600.0,2.9466878107747956
1980-05-06 12:00:00,563904000.0,-17408761856.0,16814957568.0,29899776.0,0.177816541487451
1980-05-06 18:00:00,182062064.0,-17441003520.0,17551104000.0,-292161536.0,-1.6646333814670575
1980-05-07 00:00:00,-282380608.0,-16221225984.0,16847797248.0,-344190976.0,-2.042943483551589
1980-05-07 06:00:00,-358433024.0,-16341854208.0,16129170432.0,571116544.0,3.5408922387410233
1980-05-07 12:00:00,745931008.0,-17327425536.0,16301120512.0,280374272.0,1.7199693223150132
1980-05-07 18:00:00,606916352.0,-17313974272.0,17142094848.0,-435037184.0,-2.5378297568500305
1980-05-08 00:00:00,-236368704.0,-16136584192.0,16808825856.0,-435872768.0,-2.5931184708205715
1980-05-08 06:00:00,-267056352.0,-16319299584.0,15868628992.0,717726720.0,4.522928353557414
1980-05-08 12:00:00,1069159040.0,-17397661696.0,15933547520.0,394954752.0,2.478762193442782
1980-05-08 18:00:00,1324642688.0,-17320529920.0,16163076096.0,-167188480.0,-1.0343852804193343
1980-05-09 00:00:00,972284032.0,-16098143232.0,15510672384.0,-384813056.0,-2.4809566372954475
1980-05-09 06:00:00,768317184.0,-16440905728.0,15214316544.0,458271744.0,3.012108645660633
1980-05-09 12:00:00,1404857728.0,-17602172928.0,16191408128.0,5907456.0,0.036485128120414455
1980-05-09 18:00:00,749350912.0,-17396254720.0,17309138944.0,-662235136.0,-3.8259276682827466
1980-05-10 00:00:00,-422964512.0,-16135194624.0,16966847488.0,-408688640.0,-2.408748238522506
1980-05-10 06:00:00,-403761760.0,-16310702080.0,16086303744.0,628160512.0,3.9049400160325605
1980-05-10 12:00:00,691517760.0,-17296611328.0,16320388096.0,284705792.0,1.7444792999118641
1980-05-10 18:00:00,825939840.0,-17250158592.0,16581694464.0,-157475840.0,-0.9496969103000353
1980-05-11 00:00:00,457364800.0,-16119176192.0,16056540160.0,-394728448.0,-2.4583655262380013
1980-05-11 06:00:00,300211168.0,-16332893184.0,15452904448.0,579777536.0,3.7519000906980824
1980-05-11 12:00:00,1248648448.0,-17342472192.0,16040529920.0,53294080.0,0.3322463800497683
1980-05-11 18:00:00,606956736.0,-17170336768.0,17191561216.0,-628180992.0,-3.654007824579415
1980-05-12 00:00:00,-516164672.0,-15950253056.0,16953196544.0,-486778880.0,-2.8713103085699707
1980-05-12 06:00:00,-656700800.0,-16224218112.0,16243580928.0,637337600.0,3.923627449052101
1980-05-12 12:00:00,289788320.0,-17142679552.0,16818693120.0,34198528.0,0.20333641714012082
1980-05-12 18:00:00,-70755296.0,-17040215040.0,17408126976.0,-297156608.0,-1.7069993136520651
1980-05-13 00:00:00,-585702720.0,-15902905344.0,16792704000.0,-304096256.0,-1.8108832026098953
1980-05-13 06:00:00,-535021568.0,-16212743168.0,16107556864.0,640207872.0,3.9745808591919305
1980-05-13 12:00:00,527857248.0,-17306544128.0,16667227136.0,111459328.0,0.6687334797235465
1980-05-13 18:00:00,99299552.0,-17356097536.0,17646260224.0,-389462016.0,-2.207051301840759
1980-05-14 00:00:00,-559380608.0,-16184861696.0,17163054080.0,-418811904.0,-2.440194513446409
1980-05-14 06:00:00,-790539456.0,-16382839808.0,16631186432.0,542192640.0,3.2600959782205874
1980-05-14 12:00:00,352466272.0,-17549596672.0,16820719616.0,376410112.0,2.23777650774201
1980-05-14 18:00:00,415788896.0,-17785284608.0,17640392704.0,-270897152.0,-1.5356639534366683
1980-05-15 00:00:00,-121292336.0,-16680451072.0,17123154944.0,-321411072.0,-1.8770552100424889
1980-05-15 06:00:00,-95250640.0,-17053350912.0,16541239296.0,607362048.0,3.671804978644328
1980-05-15 12:00:00,914091776.0,-18320232448.0,17191077888.0,215062528.0,1.2510124693816989
1980-05-15 18:00:00,798816704.0,-18500065280.0,17958139904.0,-256890880.0,-1.4304982663754617
1980-05-16 00:00:00,178077424.0,-17356947456.0,17702137856.0,-523268096.0,-2.9559598973670993
1980-05-16 06:00:00,-284451968.0,-17614837760.0,17469908992.0,429381632.0,2.4578355399368528
1980-05-16 12:00:00,477608416.0,-18829172736.0,18180679680.0,170885120.0,0.9399270159739155
1980-05-16 18:00:00,219293680.0,-18819141632.0,18995886080.0,-396038144.0,-2.0848627030721802
1980-05-17 00:00:00,-632820416.0,-17548767232.0,18770677760.0,-589090816.0,-3.1383566620878374
1980-05-17 06:00:00,-1096024192.0,-17643057152.0,18258395136.0,480686080.0,2.632685273922204
1980-05-17 12:00:00,-192889904.0,-18748219392.0,18723082240.0,218028032.0,1.1644879256803393
1980-05-17 18:00:00,-197145024.0,-18683189248.0,19095793664.0,-215459840.0,-1.1283104739772705
1980-05-18 00:00:00,-710593792.0,-17405536256.0,18552827904.0,-436697088.0,-2.3538033676572176
1980-05-18 06:00:00,-908914240.0,-17606463488.0,17965027328.0,550350848.0,3.0634567816227705
1980-05-18 12:00:00,142998992.0,-18816884736.0,18304346112.0,369539072.0,2.0188597272957858
1980-05-18 18:00:00,438610112.0,-18703300608.0,18391244800.0,-126554112.0,-0.6881215131234619
1980-05-19 00:00:00,205137168.0,-17560113152.0,17676150784.0,-321175552.0,-1.8169993904482864
1980-05-19 06:00:00,-197061184.0,-17785026560.0,17802004480.0,180082688.0,1.011586578367157
1980-05-19 12:00:00,212218016.0,-18940315648.0,18479194112.0,248903680.0,1.3469401235325906
1980-05-19 18:00:00,396151360.0,-18935797760.0,18667583488.0,-127936512.0,-0.6853405106356742
1980-05-20 00:00:00,3778175.5,-17819840512.0,18203291648.0,-387229696.0,-2.127250958166926
1980-05-20 06:00:00,-163188784.0,-18158223360.0,17791727616.0,529684480.0,2.977139103251883
1980-05-20 12:00:00,703636672.0,-19226787840.0,18342287360.0,180862976.0,0.9860437384402639
1980-05-20 18:00:00,774283648.0,-19019757568.0,18383882240.0,-138407936.0,-0.7528765371377836
1980-05-21 00:00:00,463620320.0,-17869277184.0,17674457088.0,-268800000.0,-1.5208387938688124
1980-05-21 06:00:00,593564096.0,-18224779264.0,16978576384.0,652639232.0,3.8438984355309302
1980-05-21 12:00:00,1484836608.0,-19148587008.0,17751818240.0,-88068096.0,-0.49610746803139866
1980-05-21 18:00:00,854670592.0,-18615312384.0,18196082688.0,-435441664.0,-2.393051688466805
1980-05-22 00:00:00,215567616.0,-17263726592.0,17423042560.0,-374883328.0,-2.1516524838242717
1980-05-22 06:00:00,-10196871.0,-17240068096.0,16837850112.0,412414976.0,2.44933274293777
1980-05-22 12:00:00,799975616.0,-17953474560.0,17004628992.0,148870144.0,0.8754683449432356
1980-05-22 18:00:00,792056832.0,-17595060224.0,16897003520.0,-94000128.0,-0.5563124129597151
1980-05-23 00:00:00,823435584.0,-16413370368.0,15659890688.0,-69955584.0,-0.4467182140269101
1980-05-23 06:00:00,1089792512.0,-16742657024.0,15143790592.0,509073408.0,3.3615983059679118
1980-05-23 12:00:00,1757415680.0,-17804429312.0,16053895168.0,-6881280.0,-0.04286361613794736
1980-05-23 18:00:00,1434817408.0,-17658585088.0,16480251904.0,-256484352.0,-1.5563132984499313
1980-05-24 00:00:00,910646272.0,-16409710592.0,15981124608.0,-482060288.0,-3.0164353249500673
1980-05-24 06:00:00,424184960.0,-16521019392.0,15751040000.0,345794560.0,2.1953760513591485
1980-05-24 12:00:00,990292224.0,-17239920640.0,16247152640.0,2476032.0,0.015239790348889096
1980-05-24 18:00:00,777272320.0,-16894290944.0,16348934144.0,-231915520.0,-1.4185360217204872
1980-05-25 00:00:00,179065216.0,-15520908288.0,15916225536.0,-574382080.0,-3.6087832426151416
1980-05-25 06:00:00,-422581408.0,-15586127872.0,15677468672.0,331240448.0,2.112843947770703
1980-05-25 12:00:00,169335280.0,-16507797504.0,16284130304.0,54332416.0,0.33365254997163646
1980-05-25 18:00:00,-184536704.0,-16308838400.0,16879463424.0,-386087936.0,-2.287323514389932
1980-05-26 00:00:00,-923231232.0,-15176781824.0,16576330752.0,-476317696.0,-2.8734808874547246
1980-05-26 06:00:00,-1324503168.0,-15473461248.0,16312223744.0,485740544.0,2.9777702391966407
1980-05-26 12:00:00,-423557312.0,-16395332608.0,16653839360.0,165050368.0,0.9910649696575433
1980-05-26 18:00:00,-538090112.0,-16241883136.0,17021945856.0,-241972224.0,-1.4215309227687865
1980-05-27 00:00:00,-1044831872.0,-15297698816.0,16770375680.0,-427844608.0,-2.5511927470428617
1980-05-27 06:00:00,-1340349440.0,-15689856000.0,16436774912.0,593430528.0,3.6103830050428813
1980-05-27 12:00:00,-225991616.0,-16701814784.0,16683427840.0,244378624.0,1.464798639366429
1980-05-27 18:00:00,-148136656.0,-16654734336.0,16939279360.0,-136408064.0,-0.8052766655594019
1980-05-28 00:00:00,-499133920.0,-15800255488.0,16674107392.0,-374718464.0,-2.247307488134475
1980-05-28 06:00:00,-706208576.0,-16325475328.0,16386428928.0,645255168.0,3.937741229862673
1980-05-28 12:00:00,586696704.0,-17466769408.0,16533651456.0,346421248.0,2.0952494911478556
1980-05-28 18:00:00,717135680.0,-17341751296.0,16825766912.0,-201151488.0,-1.1954966989144513
1980-05-29 00:00:00,284081568.0,-16378083328.0,16455261184.0,-361259008.0,-2.1954012395212796
1980-05-29 06:00:00,134383696.0,-16769484800.0,16090209280.0,544891904.0,3.386481148367015
1980-05-29 12:00:00,982197568.0,-17616967680.0,16588526592.0,46243840.0,0.2787700266417971
1980-05-29 18:00:00,731785536.0,-17277845504.0,16795468800.0,-249408512.0,-1.4849749951605995
1980-05-30 00:00:00,142656064.0,-16410244096.0,16744111104.0,-476523520.0,-2.845917093121553
1980-05-30 06:00:00,-207817856.0,-16988105728.0,16636337152.0,559586304.0,3.363638876077522
1980-05-30 12:00:00,719970112.0,-17902727168.0,17098097664.0,84659200.0,0.4951381239226965
1980-05-30 18:00:00,462928992.0,-17504997376.0,17395093504.0,-353025024.0,-2.029451718203308
1980-05-31 00:00:00,-393380384.0,-16594847744.0,17569832960.0,-581604352.0,-3.3102440605104078
1980-05-31 06:00:00,-878345920.0,-17174273024.0,17472509952.0,580108288.0,3.3201199460962254
1980-05-31 12:00:00,178705680.0,-18164592640.0,17808904192.0,176982016.0,0.9937838627909668
1980-05-31 18:00:00,-234778832.0,-18028457984.0,18868449280.0,-605212672.0,-3.2075379540676274
1980-06-01 00:00:00,-1355103232.0,-17136485376.0,18922426368.0,-430837760.0,-2.276863186682001
1980-06-01 06:00:00,-1326858368.0,-17615452160.0,18056691712.0,885618688.0,4.904656412843562
1980-06-01 12:00:00,330486176.0,-18544560128.0,17896763392.0,317310976.0,1.7730076050613743
1980-06-01 18:00:00,199946960.0,-18073935872.0,18376060928.0,-502071296.0,-2.7322030437708396
1980-06-02 00:00:00,-794206912.0,-16903853056.0,18252089344.0,-554029056.0,-3.0354281395303695
1980-06-02 06:00:00,-1026652672.0,-17412679680.0,17605292032.0,834039808.0,4.7374380753470025
1980-06-02 12:00:00,552092992.0,-18434680832.0,17568622592.0,313964544.0,1.787075465682586
1980-06-02 18:00:00,354778976.0,-18151364608.0,18360363008.0,-563777536.0,-3.0706230359081146
1980-06-03 00:00:00,-866209344.0,-17174948864.0,18729791488.0,-688633856.0,-3.676676574008852
1980-06-03 06:00:00,-1456716416.0,-17747773440.0,18510931968.0,693557248.0,3.7467440818158595
1980-06-03 12:00:00,1439725.75,-18898706432.0,18485297152.0,411969536.0,2.2286335600259872
1980-06-03 18:00:00,207072336.0,-18758518784.0,18787280896.0,-235835392.0,-1.2552928404355295
1980-06-04 00:00:00,-444171616.0,-17699008512.0,18684368896.0,-541188096.0,-2.896475117850296
1980-06-04 06:00:00,-758128192.0,-18076932096.0,18121295872.0,713764864.0,3.9388180019888592
1980-06-04 12:00:00,658718144.0,-19195381760.0,18135455744.0,401207296.0,2.212281299480091
1980-06-04 18:00:00,771685504.0,-19091058688.0,18722148352.0,-402776064.0,-2.1513346461490532
1980-06-05 00:00:00,-205245536.0,-18012518400.0,18831788032.0,-614023168.0,-3.2605675412054254
1980-06-05 06:00:00,-668296320.0,-18369687552.0,18381545472.0,656439296.0,3.571186639338527
1980-06-05 12:00:00,727968064.0,-19421667328.0,18277675008.0,416024576.0,2.2761350982436728
1980-06-05 18:00:00,892320192.0,-19143581696.0,18656264192.0,-405002240.0,-2.1708646266580485
1980-06-06 00:00:00,-78266808.0,-17869498368.0,18583777280.0,-636012544.0,-3.4224072663875575
1980-06-06 06:00:00,-589997056.0,-18271379456.0,18247462912.0,613912576.0,3.3643722360782293
1980-06-06 12:00:00,707226944.0,-19505461248.0,18320703488.0,477530112.0,2.6065053250426797
1980-06-06 18:00:00,1047364160.0,-19346995200.0,18607685632.0,-308054016.0,-1.6555203161334233
1980-06-07 00:00:00,238365264.0,-18183327744.0,18514937856.0,-569974784.0,-3.078459071442643
1980-06-07 06:00:00,-141127040.0,-18554290176.0,17997688832.0,697729024.0,3.8767701259476914
1980-06-07 12:00:00,1381875328.0,-19537420288.0,17713506304.0,442038272.0,2.495487140793692
1980-06-07 18:00:00,1480914944.0,-19109433344.0,18124064768.0,-495546368.0,-2.7341900083856507
1980-06-08 00:00:00,378251840.0,-17567508480.0,17949270016.0,-760012800.0,-4.2342267920785845
1980-06-08 06:00:00,-370440992.0,-17893488640.0,17656680448.0,607248384.0,3.4391990373750234
1980-06-08 12:00:00,1029947072.0,-18951495680.0,17504761856.0,416786432.0,2.380988872791438
1980-06-08 18:00:00,1066148736.0,-18497572864.0,17959346176.0,-527921152.0,-2.9395343618103884
1980-06-09 00:00:00,-160846208.0,-17225824256.0,18144806912.0,-758136832.0,-4.178257920720055
1980-06-09 06:00:00,-868629952.0,-17618630656.0,17824428032.0,662833152.0,3.718678382330266
1980-06-09 12:00:00,731007296.0,-18595452928.0,17286647808.0,577798144.0,3.342453380305485
1980-06-09 18:00:00,1191563264.0,-18119569408.0,17292498944.0,-364492800.0,-2.107808716255371
1980-06-10 00:00:00,172689216.0,-16872206336.0,17427734528.0,-728217600.0,-4.178498351750886
1980-06-10 06:00:00,-494863680.0,-17265520640.0,17168531456.0,591853568.0,3.447316210572926
1980-06-10 12:00:00,773131904.0,-18238705664.0,17140107264.0,325466112.0,1.8988569148781729
1980-06-10 18:00:00,867409856.0,-17898711040.0,17293182976.0,-261881856.0,-1.5143646855726185
1980-06-11 00:00:00,334646720.0,-16670579712.0,16735711232.0,-399777792.0,-2.388770853285239
1980-06-11 06:00:00,259303552.0,-16981773312.0,16014729216.0,707740672.0,4.419310888459545
1980-06-11 12:00:00,1527499264.0,-17942933504.0,16218151936.0,197282816.0,1.2164321605724042
1980-06-11 18:00:00,1470345088.0,-17773441024.0,16536270848.0,-233175040.0,-1.410082370706946
1980-06-12 00:00:00,767772544.0,-16647116800.0,16581519360.0,-702175232.0,-4.234685717002956
1980-06-12 06:00:00,-211564896.0,-16989892608.0,16909381632.0,292075520.0,1.7272986461389246
1980-06-12 12:00:00,623351936.0,-18038886400.0,17101313024.0,314221568.0,1.837411943509958
1980-06-12 18:00:00,627674880.0,-17938036736.0,17681954816.0,-371593216.0,-2.101539223840532
1980-06-13 00:00:00,-292080768.0,-16962372608.0,17852401664.0,-597948416.0,-3.349400418240556
1980-06-13 06:00:00,-811410688.0,-17412884480.0,17692508160.0,531787776.0,3.0057229375894208
1980-06-13 12:00:00,158021968.0,-18335975424.0,18010499072.0,167454720.0,0.9297616869503259
1980-06-13 18:00:00,201461568.0,-18038239232.0,17903462400.0,-66684928.0,-0.37246945037849216
1980-06-14 00:00:00,94654032.0,-16886297600.0,17056584704.0,-264941568.0,-1.553309602114353
1980-06-14 06:00:00,36920388.0,-17175621632.0,16604728320.0,533972992.0,3.2157887904545976
1980-06-14 12:00:00,936140032.0,-17860474880.0,16900994048.0,23341056.0,0.13810463416358693
1980-06-14 18:00:00,740819648.0,-17473847296.0,16920228864.0,-187201536.0,-1.1063770916142615
1980-06-15 00:00:00,139115600.0,-16345060352.0,16765030400.0,-559085568.0,-3.3348318175432596
1980-06-15 06:00:00,-272232288.0,-16740704256.0,16436654080.0,576282624.0,3.5060823279186515
1980-06-15 12:00:00,784088576.0,-17636100096.0,16674677760.0,177333248.0,1.0634883057554212
1980-06-15 18:00:00,786004928.0,-17298292736.0,16674348032.0,-162060288.0,-0.971913790506157
1980-06-16 00:00:00,289194656.0,-16154232832.0,16433886208.0,-568848384.0,-3.4614355776851196
1980-06-16 06:00:00,-284614144.0,-16648401920.0,16471614464.0,461401088.0,2.8011892155952784
1980-06-16 12:00:00,512947328.0,-17628737536.0,16988840960.0,126949376.0,0.7472515417555595
1980-06-16 18:00:00,479821824.0,-17434785792.0,17115669504.0,-160705536.0,-0.9389380646923714
1980-06-17 00:00:00,-1227616.25,-16431213568.0,16880386048.0,-447944704.0,-2.6536401639527245
1980-06-17 06:00:00,-363938080.0,-16899050496.0,16804089856.0,458899456.0,2.730879565227671
1980-06-17 12:00:00,334482304.0,-17795532800.0,17450500096.0,10551296.0,0.060464146826477286
1980-06-17 18:00:00,87982304.0,-17773481984.0,17865967616.0,-180467712.0,-1.0101199995368892
1980-06-18 00:00:00,-448149472.0,-16927630336.0,17844725760.0,-468946944.0,-2.6279302372422673
1980-06-18 06:00:00,-746256960.0,-17507964928.0,17670273024.0,583948288.0,3.304693069580044
1980-06-18 12:00:00,176767056.0,-18395133952.0,18122186752.0,96180224.0,0.5307318885751211
1980-06-18 18:00:00,149988624.0,-18285400064.0,18164637696.0,-29227008.0,-0.16090058326038634
1980-06-19 00:00:00,94731768.0,-17455833088.0,17576024064.0,-214923264.0,-1.2228207199614358
1980-06-19 06:00:00,120829152.0,-17998555136.0,17287170048.0,590555136.0,3.41614697119453
1980-06-19 12:00:00,1010702976.0,-18915098624.0,17963360256.0,-58963968.0,-0.32824575780750853
1980-06-19 18:00:00,386996640.0,-18635802624.0,18641719296.0,-392912896.0,-2.107707394158157
1980-06-20 00:00:00,-245735664.0,-17688113152.0,18279036928.0,-345188352.0,-1.8884383972726553
1980-06-20 06:00:00,-359795488.0,-18130472960.0,17857912832.0,632354816.0,3.541034285187399
1980-06-20 12:00:00,836240768.0,-18974181376.0,17899417600.0,238522368.0,1.3325705524631148
1980-06-20 18:00:00,828978240.0,-18539481088.0,18031822848.0,-321320960.0,-1.7819660425270833
1980-06-21 00:00:00,133438640.0,-17458929664.0,17787365376.0,-461875200.0,-2.5966476217056598
1980-06-21 06:00:00,-295155328.0,-17730027520.0,17596254208.0,428929024.0,2.4376155227684237
1980-06-21 12:00:00,625029056.0,-18478397440.0,17679699968.0,173668352.0,0.982303728651149
1980-06-21 18:00:00,545520128.0,-18189377536.0,17854482432.0,-210624512.0,-1.1796730193786218
1980-06-22 00:00:00,17911344.0,-17232072704.0,17718364160.0,-504203264.0,-2.845653579794129
1980-06-22 06:00:00,-474150560.0,-17559201792.0,17574709248.0,458643456.0,2.6096787692359324
1980-06-22 12:00:00,332508832.0,-18374162432.0,17983301632.0,58351616.0,0.3244766572572384
1980-06-22 18:00:00,263328272.0,-18097027072.0,17856122880.0,-22423552.0,-0.12557906411540107
1980-06-23 00:00:00,266524272.0,-17199489024.0,17069234176.0,-136269824.0,-0.7983358983474526
1980-06-23 06:00:00,476424864.0,-17677703168.0,16569698304.0,631580672.0,3.8116606616038
1980-06-23 12:00:00,1503426176.0,-18389139456.0,16860190720.0,25522176.0,0.15137536949522715
1980-06-23 18:00:00,1087898496.0,-17897783296.0,17243471872.0,-433587200.0,-2.5145005786454186
1980-06-24 00:00:00,157386704.0,-16895337472.0,17318498304.0,-580547584.0,-3.352182006830885
1980-06-24 06:00:00,-390094528.0,-17471744000.0,17446905856.0,414932992.0,2.378261196711303
1980-06-24 12:00:00,32231742.0,-18232590336.0,18452011008.0,-251652096.0,-1.3638193467958286
1980-06-24 18:00:00,-724560832.0,-18005422080.0,19018457088.0,-288475136.0,-1.5168167147587277
1980-06-25 00:00:00,-1223748480.0,-17093203968.0,18629423104.0,-312471552.0,-1.677301279033745
1980-06-25 06:00:00,-1124474368.0,-17786359808.0,18070278144.0,840556544.0,4.651597154740509
1980-06-25 12:00:00,294880224.0,-18561325056.0,18177112064.0,89333760.0,0.49146288852411624
1980-06-25 18:00:00,56401180.0,-18185787392.0,18306136064.0,-176750592.0,-0.9655264845736045
1980-06-26 00:00:00,-252020528.0,-17343660032.0,17872717824.0,-277037056.0,-1.5500555580191988
1980-06-26 06:00:00,-240173088.0,-18025467904.0,17524711424.0,740929536.0,4.227912905802836
1980-06-26 12:00:00,1089954176.0,-18982113280.0,17732540416.0,159619072.0,0.9001477975258206
1980-06-26 18:00:00,936929216.0,-18833094656.0,18057398272.0,-161232896.0,-0.8928910664279333
1980-06-27 00:00:00,609525888.0,-18069428224.0,17815005184.0,-355102720.0,-1.9932787912906398
1980-06-27 06:00:00,311951968.0,-18752698368.0,17906077696.0,534669312.0,2.985965553580942
1980-06-27 12:00:00,1177334400.0,-19579858944.0,18442573824.0,-40048640.0,-0.2171532042229552
1980-06-27 18:00:00,754879296.0,-19412008960.0,18934235136.0,-277104640.0,-1.4635111374165624
1980-06-28 00:00:00,33655156.0,-18453458944.0,18891462656.0,-471658496.0,-2.4966753744194574
1980-06-28 06:00:00,-130417440.0,-18879492096.0,18340593664.0,669315072.0,3.649364269564355
1980-06-28 12:00:00,933773056.0,-19624515584.0,18697934848.0,-7192576.0,-0.03846722142562896
1980-06-28 18:00:00,398162624.0,-19251732480.0,19288481792.0,-434911232.0,-2.254771716560822
1980-06-29 00:00:00,-241189568.0,-18233356288.0,18672746496.0,-198201344.0,-1.0614471954752767
1980-06-29 06:00:00,153597040.0,-18791630848.0,17765767168.0,872265728.0,4.909811773122524
1980-06-29 12:00:00,1521434880.0,-19627747328.0,18025705472.0,80607232.0,0.4471793468788793
1980-06-29 18:00:00,1167531904.0,-19211382784.0,18431043584.0,-387192832.0,-2.1007645618944895
1980-06-30 00:00:00,452268192.0,-18124611584.0,18117177344.0,-444833792.0,-2.4553151054036513
1980-06-30 06:00:00,330497.65625,-18695966720.0,18322202624.0,373434368.0,2.038152157049303
1980-06-30 12:00:00,539375872.0,-19522048000.0,19024799744.0,-42127360.0,-0.22143392081320612
1980-06-30 18:00:00,321397856.0,-19045101568.0,18812663808.0,-88961024.0,-0.4728784020589882
1980-07-01 00:00:00,83437304.0,-17943412736.0,18295906304.0,-435931136.0,-2.3826703567272487
1980-07-01 06:00:00,-205180176.0,-18261374976.0,17883860992.0,582694912.0,3.2582165129814937
1980-07-01 12:00:00,720074304.0,-18841204736.0,18192513024.0,-71383040.0,-0.39237591808140954
1980-07-01 18:00:00,267863936.0,-18347423744.0,18383890432.0,-304330752.0,-1.6554208323079718
1980-07-02 00:00:00,-511873984.0,-17337483264.0,18529335296.0,-679979008.0,-3.6697431242813643
1980-07-02 06:00:00,-1171830400.0,-17869031424.0,18447233024.0,593629184.0,3.21798495865306
1980-07-02 12:00:00,-121604968.0,-18606966784.0,18634153984.0,94416896.0,0.5066873230792768
1980-07-02 18:00:00,-293515008.0,-18174394368.0,18735638528.0,-267728896.0,-1.4289819671738706
1980-07-03 00:00:00,-856446400.0,-17222723584.0,18430156800.0,-350986240.0,-1.9044126634885712
1980-07-03 06:00:00,-869065344.0,-17838628864.0,17988335616.0,719357952.0,3.999024519868064
1980-07-03 12:00:00,136523856.0,-18457606144.0,18499016704.0,-177934336.0,-0.9618583454845233
1980-07-03 18:00:00,-578614912.0,-18040569856.0,18992056320.0,-372871168.0,-1.9633006648539677
1980-07-04 00:00:00,-1173220864.0,-17152460800.0,18595631104.0,-269948928.0,-1.4516793030053863
1980-07-04 06:00:00,-1093540224.0,-17642752000.0,18028013568.0,708278272.0,3.9287649153826063
1980-07-04 12:00:00,111437416.0,-18235582464.0,18058514432.0,65630208.0,0.3634308250943507
1980-07-04 18:00:00,-111424448.0,-17845972992.0,18165708800.0,-208312320.0,-1.1467337844807906
1980-07-05 00:00:00,-610453056.0,-16996150272.0,18083547136.0,-476944384.0,-2.6374492814549546
1980-07-05 06:00:00,-997954304.0,-17368590336.0,17769099264.0,597444608.0,3.3622672659070356
1980-07-05 12:00:00,246662784.0,-17958936576.0,17490915328.0,221358080.0,1.2655602971540496
1980-07-05 18:00:00,259267264.0,-17672259584.0,17548818432.0,-135825408.0,-0.773986057957751
1980-07-06 00:00:00,-73178744.0,-16814483456.0,17316734976.0,-429072384.0,-2.477790325916922
1980-07-06 06:00:00,-477459104.0,-17219926016.0,17272213504.0,425170944.0,2.46158921033217
1980-07-06 12:00:00,203111456.0,-17929814016.0,17749602304.0,-22900736.0,-0.1290211217568472
1980-07-06 18:00:00,-131699648.0,-17801687040.0,18109100032.0,-175714304.0,-0.9703094228288595
1980-07-07 00:00:00,-732549184.0,-17199136768.0,18517547008.0,-585861120.0,-3.1638160267496267
1980-07-07 06:00:00,-1219381632.0,-17861289984.0,18347757568.0,732913664.0,3.9945680625204125
1980-07-07 12:00:00,342350368.0,-18644338688.0,17911838720.0,390150144.0,2.178169143318414
1980-07-07 18:00:00,718405696.0,-18309355520.0,17583163392.0,7786496.0,0.04428381757256891
1980-07-08 00:00:00,582588032.0,-17499095040.0,17302941696.0,-386435072.0,-2.233348980707332
1980-07-08 06:00:00,369248800.0,-18061707264.0,17009956864.0,682502144.0,4.0123684584083374
1980-07-08 12:00:00,1701140224.0,-18787606528.0,16827088896.0,259377152.0,1.54142617064118
1980-07-08 18:00:00,1760663424.0,-18485538816.0,16906769408.0,-181894144.0,-1.075865764833409
1980-07-09 00:00:00,1355409408.0,-17639682048.0,16676976640.0,-392704000.0,-2.3547673446882036
1980-07-09 06:00:00,1011206400.0,-18133182464.0,16691243008.0,430733312.0,2.5805945776090637
1980-07-09 12:00:00,1663494528.0,-18931613696.0,17304424448.0,-36304896.0,-0.20980123383529248
1980-07-09 18:00:00,1301545984.0,-18664560640.0,17595990016.0,-232976384.0,-1.3240311217962446
1980-07-10 00:00:00,791705152.0,-17735806976.0,17288890368.0,-344788992.0,-1.9942806314404642
1980-07-10 06:00:00,818529728.0,-18359934976.0,16839822336.0,701582336.0,4.166209844745003
1980-07-10 12:00:00,1816799232.0,-19378671616.0,17570572288.0,-8699904.0,-0.049514061678808764
1980-07-10 18:00:00,1456787840.0,-19262615552.0,18023854080.0,-218025984.0,-1.2096524030447544
1980-07-11 00:00:00,945019776.0,-18616514560.0,18067922944.0,-396427264.0,-2.194094280945811
1980-07-11 06:00:00,628161984.0,-19292432384.0,18175733760.0,488536064.0,2.687847821996266
1980-07-11 12:00:00,1346835328.0,-20215439360.0,18893608960.0,-25004032.0,-0.1323412168259462
1980-07-11 18:00:00,971884416.0,-19825268736.0,19153790976.0,-300406784.0,-1.5683933503107266
1980-07-12 00:00:00,399608416.0,-18969931776.0,18932238336.0,-361914368.0,-1.9116301072114286
1980-07-12 06:00:00,111992424.0,-19462187008.0,18893801472.0,456392704.0,2.4155684321990956
1980-07-12 12:00:00,819988224.0,-20185774080.0,19410958336.0,-45172736.0,-0.23271770109475548
1980-07-12 18:00:00,618518784.0,-19805808640.0,19211794432.0,-24504320.0,-0.12754831458733776
1980-07-13 00:00:00,472632800.0,-18803021824.0,18686216192.0,-355827712.0,-1.9042255978625466
1980-07-13 06:00:00,326892672.0,-19218071552.0,18329761792.0,561416192.0,3.062866819387851
1980-07-13 12:00:00,1126083328.0,-19881447424.0,18869248000.0,-113883136.0,-0.603538286210452
1980-07-13 18:00:00,558121984.0,-19413266432.0,19233527808.0,-378382336.0,-1.9673059449999366
1980-07-14 00:00:00,-181369504.0,-18381477888.0,18995232768.0,-432386048.0,-2.2762871783725225
1980-07-14 06:00:00,-280589376.0,-18768144384.0,18336397312.0,712337408.0,3.8848275148020526
1980-07-14 12:00:00,1037954560.0,-19427450880.0,18190051328.0,199444480.0,1.0964481430186759
1980-07-14 18:00:00,991860352.0,-18914029568.0,18171246592.0,-249077760.0,-1.3707246706434437
1980-07-15 00:00:00,251638000.0,-17849917440.0,18293020672.0,-694740992.0,-3.797847301749335
1980-07-15 06:00:00,-563657920.0,-18346393600.0,18535749632.0,374302720.0,2.019355717633379
1980-07-15 12:00:00,27145614.0,-19028615168.0,19057448960.0,-55980032.0,-0.2937435756354244
1980-07-15 18:00:00,-262303248.0,-18558027776.0,18950359040.0,-130027520.0,-0.6861480551663469
1980-07-16 00:00:00,-359937504.0,-17581592576.0,18086950912.0,-145420288.0,-0.8040066493657546
1980-07-16 06:00:00,-188417792.0,-17978880000.0,17586991104.0,580306944.0,3.299637445475335
1980-07-16 12:00:00,671698432.0,-18529249280.0,17982892032.0,-125341696.0,-0.6970052190546344
1980-07-16 18:00:00,114225048.0,-17936158720.0,18077239296.0,-255305728.0,-1.4123048537421983
1980-07-17 00:00:00,-278852064.0,-16917590016.0,17519749120.0,-323307520.0,-1.8453889823737384
1980-07-17 06:00:00,-398735840.0,-17322635264.0,17187278848.0,534091776.0,3.1074830444270685
1980-07-17 12:00:00,594318976.0,-17882701824.0,17143912448.0,144470016.0,0.8426898844601473
1980-07-17 18:00:00,556141504.0,-17542811648.0,17180530688.0,-193860608.0,-1.1283738059116233
1980-07-18 00:00:00,-10797573.0,-16619110400.0,17147260928.0,-517352448.0,-3.0171142211710795
1980-07-18 06:00:00,-455342048.0,-17113778176.0,17008222208.0,560898048.0,3.2978052681847934
1980-07-18 12:00:00,491682176.0,-17921818624.0,17431592960.0,-1456128.0,-0.008353384589356543
1980-07-18 18:00:00,-64054608.0,-17486319616.0,18096619520.0,-546244608.0,-3.0184897648773688
1980-07-19 00:00:00,-1115011072.0,-16553935872.0,18103943168.0,-434995200.0,-2.4027649444287076
1980-07-19 06:00:00,-1219111680.0,-17197350912.0,17709953024.0,706508800.0,3.98933186916171
1980-07-19 12:00:00,-68788112.0,-17988558848.0,17966757888.0,90589184.0,0.504204401065061
1980-07-19 18:00:00,-234328176.0,-17588035584.0,18025807872.0,-203444224.0,-1.128627495891686
1980-07-20 00:00:00,-615201280.0,-16604130304.0,17521467392.0,-302135296.0,-1.7243721044616946
1980-07-20 06:00:00,-543634432.0,-17254746112.0,17024337920.0,774043648.0,4.546688697307061
1980-07-20 12:00:00,691984448.0,-18056914944.0,17262311424.0,102619136.0,0.5944692659021744
1980-07-20 18:00:00,663965248.0,-17825472512.0,17228994560.0,-67487744.0,-0.3917102867783365
1980-07-21 00:00:00,278010048.0,-16936710144.0,17213886464.0,-555186176.0,-3.225222712843379
1980-07-21 06:00:00,-393059936.0,-17564626944.0,17598330880.0,359356416.0,2.0419914732277156
1980-07-21 12:00:00,109027296.0,-18391545856.0,18364506112.0,-81987584.0,-0.44644589677490154
1980-07-21 18:00:00,-367850400.0,-18272733184.0,19004327936.0,-363745280.0,-1.914012856571241
1980-07-22 00:00:00,-1189809664.0,-17450713088.0,19064064000.0,-423540736.0,-2.221670762330634
1980-07-22 06:00:00,-1286497024.0,-18031493120.0,18581059584.0,736929792.0,3.9660267417395523
1980-07-22 12:00:00,-73092464.0,-18649184256.0,18641807360.0,80470016.0,0.43166423966307954
1980-07-22 18:00:00,-204231824.0,-18304051200.0,18683369472.0,-175085568.0,-0.9371198715648885
1980-07-23 00:00:00,-658150144.0,-17312849920.0,18387001344.0,-416002048.0,-2.2624790210055035
1980-07-23 06:00:00,-746992064.0,-17893890048.0,17933400064.0,707481600.0,3.945050004322482
1980-07-23 12:00:00,285442272.0,-18557974528.0,18257633280.0,14899200.0,0.08160531965729131
1980-07-23 18:00:00,141874080.0,-18178437120.0,18160336896.0,-123772928.0,-0.681556342863123
1980-07-24 00:00:00,-95814128.0,-17268273152.0,17604732928.0,-240646144.0,-1.366940043817744
1980-07-24 06:00:00,-15858059.0,-17941016576.0,17329041408.0,627832832.0,3.623009589613879
1980-07-24 12:00:00,808040960.0,-18589237248.0,17903271936.0,-122075136.0,-0.6818593631174793
1980-07-24 18:00:00,430932480.0,-18263306240.0,17981509632.0,-149135360.0,-0.8293817541025468
1980-07-25 00:00:00,-88200968.0,-17382244352.0,18005180416.0,-534734848.0,-2.9698944173023496
1980-07-25 06:00:00,-493324512.0,-17917095936.0,17812035584.0,598384640.0,3.359439953833858
1980-07-25 12:00:00,468529440.0,-18563702784.0,18066216960.0,28956672.0,0.16028077191872714
1980-07-25 18:00:00,296582624.0,-18185177088.0,18055583744.0,-166989824.0,-0.9248652736331049
1980-07-26 00:00:00,-253714816.0,-17215483904.0,18069016576.0,-599818240.0,-3.319595382942439
1980-07-26 06:00:00,-800622592.0,-17829476352.0,18012698624.0,617400320.0,3.4275836890835443
1980-07-26 12:00:00,325321696.0,-18622111744.0,18127280128.0,169510912.0,0.9351149803117336
1980-07-26 18:00:00,337427296.0,-18206941184.0,18076528640.0,-207013888.0,-1.145208198558194
1980-07-27 00:00:00,-165736832.0,-17294587904.0,17810610176.0,-350285824.0,-1.9667255671679016
1980-07-27 06:00:00,-230094208.0,-17963632640.0,17568260096.0,625467392.0,3.560212500169032
1980-07-27 12:00:00,598053504.0,-18628886528.0,18152857600.0,-122023936.0,-0.6722023534190011
1980-07-27 18:00:00,168534304.0,-18197489664.0,18236884992.0,-207929344.0,-1.1401582237932226
1980-07-28 00:00:00,-180214464.0,-17266262016.0,17714118656.0,-267642880.0,-1.5109014746796106
1980-07-28 06:00:00,-166735168.0,-17868918784.0,17381378048.0,654276608.0,3.764238981472961
1980-07-28 12:00:00,846684544.0,-18458775552.0,17644750848.0,-32659456.0,-0.18509445829722151
1980-07-28 18:00:00,503532288.0,-18014484480.0,17773111296.0,-262158336.0,-1.4750278194623196
1980-07-29 00:00:00,-114252992.0,-17121607680.0,17697955840.0,-462094336.0,-2.611004006211827
1980-07-29 06:00:00,-473272512.0,-17660186624.0,17609142272.0,524316672.0,2.9775253325865116
1980-07-29 12:00:00,434892480.0,-18315096064.0,17795145728.0,85057536.0,0.47798167713886786
1980-07-29 18:00:00,194538992.0,-17927706624.0,18142128128.0,-408961024.0,-2.254206458661386
1980-07-30 00:00:00,-895920768.0,-17092388864.0,18709985280.0,-721676288.0,-3.8571718641138344
1980-07-30 06:00:00,-1602430336.0,-17641297920.0,18646822912.0,596905984.0,3.2011135989062587
1980-07-30 12:00:00,-337511840.0,-18352996352.0,18323834880.0,366673920.0,2.001076316182129
1980-07-30 18:00:00,50409112.0,-18052345856.0,18066227200.0,-64290816.0,-0.35586188133402863
1980-07-31 00:00:00,-157716624.0,-17162411008.0,17625561088.0,-305432576.0,-1.7328956194645484
1980-07-31 06:00:00,-467126240.0,-17692041216.0,17822029824.0,337137664.0,1.8916906061171228
1980-07-31 12:00:00,-18421494.0,-18367078400.0,18534195200.0,-148695040.0,-0.802274058276887
1980-07-31 18:00:00,-521032896.0,-17920411648.0,18682120192.0,-240674816.0,-1.2882628605668698
1980-08-01 00:00:00,-911955520.0,-16971002880.0,18160660480.0,-277702656.0,-1.5291440325412657
1980-08-01 06:00:00,-947759616.0,-17612021760.0,17917212672.0,642568192.0,3.5863178261212973
1980-08-01 12:00:00,15058552.0,-18313664512.0,18396047360.0,-97441792.0,-0.529688742875687
1980-08-01 18:00:00,-444224864.0,-17885306880.0,18512009216.0,-182476800.0,-0.9857212033056066
1980-08-02 00:00:00,-691015104.0,-16836119552.0,17810886656.0,-283752448.0,-1.5931404959247863
1980-08-02 06:00:00,-559678080.0,-17255927808.0,16976292864.0,839312384.0,4.944026300228653
1980-08-02 12:00:00,800541440.0,-17821526016.0,17042150400.0,-21166080.0,-0.12419841101742653
1980-08-02 18:00:00,274605440.0,-17450426368.0,17516132352.0,-340311040.0,-1.9428435065526501
1980-08-03 00:00:00,-235455696.0,-16464035840.0,17021614080.0,-322122752.0,-1.8924336463396072
1980-08-03 06:00:00,-170726240.0,-16843653120.0,16223519744.0,790859776.0,4.874773097819826
1980-08-03 12:00:00,1132095872.0,-17498398720.0,16310465536.0,55837696.0,0.34234274844428325
1980-08-03 18:00:00,791589696.0,-17338169344.0,16876562432.0,-329982976.0,-1.955273636616379
1980-08-04 00:00:00,51007100.0,-16384149504.0,16818658304.0,-485516288.0,-2.886771817491108
1980-08-04 06:00:00,-288254784.0,-16859540480.0,16626625536.0,521169920.0,3.1345501759906838
1980-08-04 12:00:00,441065920.0,-17719853056.0,17352552448.0,-73764864.0,-0.4250951796345206
1980-08-04 18:00:00,-49758424.0,-17521928192.0,17851338752.0,-279652352.0,-1.5665623507854207
1980-08-05 00:00:00,-624015232.0,-16542815232.0,17646514176.0,-479683584.0,-2.7182908715897547
1980-08-05 06:00:00,-1037648576.0,-16916718592.0,17386622976.0,567744512.0,3.265409923385918
1980-08-05 12:00:00,168708512.0,-17706543104.0,17215397888.0,322437120.0,1.8729576980893072
1980-08-05 18:00:00,380858624.0,-17412249600.0,17275852800.0,-244461568.0,-1.4150477596104547
1980-08-06 00:00:00,-329422656.0,-16466586624.0,17338796032.0,-542786560.0,-3.1304743362702245
1980-08-06 06:00:00,-836413440.0,-16810842112.0,17133550592.0,513704960.0,2.9982399575710783
1980-08-06 12:00:00,97632296.0,-17588537344.0,17452828672.0,38076416.0,0.21816759171587427
1980-08-06 18:00:00,-315355200.0,-17465309184.0,18115567616.0,-334903296.0,-1.848704402197187
1980-08-07 00:00:00,-981594432.0,-16502233088.0,17938302976.0,-454475776.0,-2.533549447838248
1980-08-07 06:00:00,-1302200960.0,-16814356480.0,17571364864.0,545191936.0,3.1027295842964517
1980-08-07 12:00:00,-409490592.0,-17732171776.0,18088927232.0,52736000.0,0.2915374655646135
1980-08-07 18:00:00,-579498880.0,-17680609280.0,18437199872.0,-177092608.0,-0.9605179161123323
1980-08-08 00:00:00,-1069089088.0,-16760790016.0,18230495232.0,-400615424.0,-2.197501597744857
1980-08-08 06:00:00,-1213002368.0,-17154296832.0,17659410432.0,707889152.0,4.00856616774283
1980-08-08 12:00:00,149004208.0,-18056185856.0,17623982080.0,283199488.0,1.6068984110088247
1980-08-08 18:00:00,259112400.0,-17962928128.0,17912520704.0,-208705536.0,-1.1651377237676799
1980-08-09 00:00:00,-306516800.0,-16893758464.0,17675708416.0,-475432960.0,-2.6897533542114753
1980-08-09 06:00:00,-619082880.0,-17132412928.0,17153867776.0,597628928.0,3.4839310632680953
1980-08-09 12:00:00,627905472.0,-17904939008.0,16926372864.0,350661632.0,2.071687979565945
1980-08-09 18:00:00,824699840.0,-17739876352.0,17215305728.0,-300129280.0,-1.7433862909088615
1980-08-10 00:00:00,-45698244.0,-16696158208.0,17398915072.0,-657058816.0,-3.7764355609586366
1980-08-10 06:00:00,-620138624.0,-17077328896.0,17096944640.0,600523776.0,3.512462540207418
1980-08-10 12:00:00,448090304.0,-17880492032.0,17313288192.0,119113728.0,0.6879902112126755
1980-08-10 18:00:00,376523712.0,-17601630208.0,17387622400.0,-162514944.0,-0.9346588064852386
1980-08-11 00:00:00,-32841386.0,-16529889280.0,16984171520.0,-421440512.0,-2.4813722088458983
1980-08-11 06:00:00,-276255200.0,-16884582400.0,16525163520.0,635673600.0,3.8467008161865377
1980-08-11 12:00:00,882973376.0,-17644816384.0,16652404736.0,109437952.0,0.6571900799613137
1980-08-11 18:00:00,587943296.0,-17442234368.0,17280854016.0,-426562560.0,-2.4684113389596036
1980-08-12 00:00:00,-301597760.0,-16437426176.0,17167522816.0,-428498944.0,-2.4959858716520373
1980-08-12 06:00:00,-343273760.0,-16923021312.0,16432257024.0,834037760.0,5.075612916605753
1980-08-12 12:00:00,982013440.0,-17697679360.0,16754272256.0,-38606848.0,-0.23042987131938367
1980-08-12 18:00:00,496918976.0,-17469442048.0,17266120704.0,-293597184.0,-1.700423557979547
1980-08-13 00:00:00,-167999872.0,-16584176640.0,17241464832.0,-489288704.0,-2.837860406685891
1980-08-13 06:00:00,-575039744.0,-16927511552.0,16993359872.0,509192192.0,2.996418576640616
1980-08-13 12:00:00,321354528.0,-17650913280.0,17264812032.0,64747520.0,0.37502591907743743
1980-08-13 18:00:00,193383728.0,-17543661568.0,17428809728.0,-78532608.0,-0.45059077025687294
1980-08-14 00:00:00,-159922192.0,-16605625344.0,17295136768.0,-529589248.0,-3.062070309729279
1980-08-14 06:00:00,-543838208.0,-17072226304.0,16947528704.0,668535808.0,3.944739198714031
1980-08-14 12:00:00,564214272.0,-17863139328.0,17227485184.0,71440384.0,0.4146884077215759
1980-08-14 18:00:00,449653632.0,-17714300928.0,17346148352.0,-81500160.0,-0.46984586056882816
1980-08-15 00:00:00,46511340.0,-16826416128.0,17348853760.0,-568948736.0,-3.2794600950051467
1980-08-15 06:00:00,-357452352.0,-17263552512.0,16888227840.0,732776448.0,4.338977747945873
1980-08-15 12:00:00,924906624.0,-17980174336.0,16926152704.0,129115136.0,0.7628144343131645
1980-08-15 18:00:00,869472192.0,-17730359296.0,17003312128.0,-142425088.0,-0.8376314386740169
1980-08-16 00:00:00,472734816.0,-16694678528.0,16722624512.0,-500680704.0,-2.994031849729785
1980-08-16 06:00:00,-27352682.0,-17247707136.0,16790863872.0,484196352.0,2.8836893425562993
1980-08-16 12:00:00,784430400.0,-18234157056.0,17316671488.0,133054464.0,0.7683605021450183
1980-08-16 18:00:00,767259904.0,-17939030016.0,17386391552.0,-214621184.0,-1.2344205142171183
1980-08-17 00:00:00,-8155865.5,-16869381120.0,17596270592.0,-718733312.0,-4.084577514548828
1980-08-17 06:00:00,-658228544.0,-17420144640.0,17444923392.0,633450496.0,3.63114518628664
1980-08-17 12:00:00,275696704.0,-18298050560.0,18114238464.0,-91885568.0,-0.5072560360879215
1980-08-17 18:00:00,-204143312.0,-17946595328.0,18417115136.0,-266377216.0,-1.446356902440771
1980-08-18 00:00:00,-808301248.0,-16979155968.0,18334980096.0,-547522560.0,-2.9862184585597054
1980-08-18 06:00:00,-1446988416.0,-17463343104.0,18556764160.0,353566720.0,1.9053252870569435
1980-08-18 12:00:00,-941736512.0,-18162089984.0,19169214464.0,-65388544.0,-0.34111227730693094
1980-08-18 18:00:00,-1155612544.0,-17780205568.0,19021156352.0,-85338112.0,-0.4486483914056415
1980-08-19 00:00:00,-1496744576.0,-16705041408.0,18689404928.0,-487618560.0,-2.609064129535029
1980-08-19 06:00:00,-1771673344.0,-17274064896.0,18336192512.0,709545984.0,3.869647330194872
1980-08-19 12:00:00,-588771008.0,-18097719296.0,18576855040.0,109635584.0,0.5901730070236905
1980-08-19 18:00:00,-570897216.0,-17727029248.0,18337509376.0,-39583744.0,-0.21586216093122723
1980-08-20 00:00:00,-697557056.0,-16720910336.0,17693712384.0,-275245056.0,-1.5556094166473369
1980-08-20 06:00:00,-608816832.0,-17339901952.0,17188837376.0,759881728.0,4.420786068178111
1980-08-20 12:00:00,676830464.0,-18118656000.0,17278423040.0,163401728.0,0.9456981555650116
1980-08-20 18:00:00,604230656.0,-17746894848.0,17340844032.0,-198179840.0,-1.142850022953254
1980-08-21 00:00:00,245450768.0,-16699941888.0,16781212672.0,-326721536.0,-1.9469483069310332
1980-08-21 06:00:00,235753056.0,-17111008256.0,16110590976.0,764663808.0,4.746342385199414
1980-08-21 12:00:00,1568477184.0,-17904394240.0,16261745664.0,74171392.0,0.45610965472298265
1980-08-21 18:00:00,1174727680.0,-17648214016.0,16821293056.0,-347806720.0,-2.0676574555957847
1980-08-22 00:00:00,421278496.0,-16642739200.0,16796665856.0,-575205376.0,-3.424521157539898
1980-08-22 06:00:00,-86617656.0,-17104797696.0,16591340544.0,600075264.0,3.6167979459442043
1980-08-22 12:00:00,874297152.0,-17806379008.0,17032996864.0,-100915200.0,-0.5924688462386134
1980-08-22 18:00:00,381062496.0,-17473259520.0,17273483264.0,-181285888.0,-1.049503943294526
1980-08-23 00:00:00,48277400.0,-16677724160.0,17010081792.0,-380635136.0,-2.237703149546384
1980-08-23 06:00:00,-199770192.0,-17227485184.0,16843049984.0,584205312.0,3.468524480750006
1980-08-23 12:00:00,799744320.0,-18025699328.0,17115705344.0,110249984.0,0.6441451391230494
1980-08-23 18:00:00,665900032.0,-17745631232.0,17277628416.0,-197897216.0,-1.1453957177174656
1980-08-24 00:00:00,206246240.0,-16746152960.0,17008471040.0,-468563968.0,-2.7548858853805593
1980-08-24 06:00:00,-216149296.0,-17267865600.0,17000281088.0,483734528.0,2.845450175182421
1980-08-24 12:00:00,521076480.0,-18144739328.0,17586628608.0,37033984.0,0.21058034956827126
1980-08-24 18:00:00,401696736.0,-17959567360.0,17690370048.0,-132499456.0,-0.748991997569773
1980-08-25 00:00:00,-198591216.0,-17059826688.0,17962340352.0,-703922176.0,-3.9188778422274044
1980-08-25 06:00:00,-1101162624.0,-17526110208.0,18326261760.0,301010944.0,1.6425114294558674
1980-08-25 12:00:00,-636328640.0,-18243641344.0,18891462656.0,-11493376.0,-0.060838994890370014
1980-08-25 18:00:00,-674364864.0,-18075762688.0,18618017792.0,132110336.0,0.7095832514284451
1980-08-26 00:00:00,-499432832.0,-17151301632.0,17983086592.0,-332351488.0,-1.8481337244288791
1980-08-26 06:00:00,-716379136.0,-17502541824.0,17648375808.0,570546176.0,3.2328537323042026
1980-08-26 12:00:00,267624512.0,-18256787456.0,17881481216.0,107681792.0,0.60219727157529
1980-08-26 18:00:00,261633584.0,-18156652544.0,18000914432.0,-105895936.0,-0.5882808698415349
1980-08-27 00:00:00,-257307296.0,-17109355520.0,17950216192.0,-583553024.0,-3.2509526222869463
1980-08-27 06:00:00,-746384064.0,-17327810560.0,17541298176.0,532895744.0,3.0379492934514265
1980-08-27 12:00:00,228290928.0,-18146086912.0,17795776512.0,122019840.0,0.6856674105663212
1980-08-27 18:00:00,28100570.0,-18128234496.0,18418468864.0,-318334976.0,-1.7283465762032193
1980-08-28 00:00:00,-744812544.0,-17200465920.0,18440542208.0,-495263744.0,-2.6857330896980964
1980-08-28 06:00:00,-964874816.0,-17521895424.0,17716774912.0,769994752.0,4.346133852377748
1980-08-28 12:00:00,490462048.0,-18319572992.0,17563508736.0,265603072.0,1.5122438004405818
1980-08-28 18:00:00,548019648.0,-18194604032.0,17903511552.0,-256927744.0,-1.4350689989154592
1980-08-29 00:00:00,-453240096.0,-17173213184.0,18564728832.0,-938274816.0,-5.054072292091317
1980-08-29 06:00:00,-1542765312.0,-17551284224.0,18620975104.0,473073664.0,2.5405418425073685
1980-08-29 12:00:00,-606960896.0,-18128412672.0,18555928576.0,179445760.0,0.9670535175054125
1980-08-29 18:00:00,-475889984.0,-17942767616.0,18554810368.0,-136153088.0,-0.7337886256968293
1980-08-30 00:00:00,-1087467264.0,-16766015488.0,18473639936.0,-620156928.0,-3.3569828693666706
1980-08-30 06:00:00,-1345890176.0,-17096698880.0,17607452672.0,835135488.0,4.743079555897727
1980-08-30 12:00:00,115892736.0,-17770817536.0,17345376256.0,309549056.0,1.784620013030405
1980-08-30 18:00:00,487088640.0,-17593110528.0,17103597568.0,2424832.0,0.01417732141065306
1980-08-31 00:00:00,416857952.0,-16396131328.0,16291351552.0,-312078336.0,-1.9156074006744264
1980-08-31 06:00:00,316622976.0,-16657575936.0,15823291392.0,517661696.0,3.2715171779097827
1980-08-31 12:00:00,1016955456.0,-17310089216.0,16301728768.0,-8595456.0,-0.05272726667415008
1980-08-31 18:00:00,970453440.0,-17241964544.0,16357396480.0,-85884928.0,-0.525052554084695
1980-09-01 00:00:00,488268512.0,-16251668480.0,16348769280.0,-585369600.0,-3.5805117191059903
1980-09-01 06:00:00,-160072688.0,-16758520832.0,16501495808.0,417097728.0,2.52763587527495
1980-09-01 12:00:00,404276608.0,-17540831232.0,17190631424.0,-54076416.0,-0.3145691084069397
1980-09-01 18:00:00,167128064.0,-17550876672.0,17526001664.0,-142254080.0,-0.8116744636182639
1980-09-02 00:00:00,-365716320.0,-16553722880.0,17491720192.0,-572280832.0,-3.271724139868976
1980-09-02 06:00:00,-847231616.0,-16979321856.0,17170876416.0,655677440.0,3.8185438187012575
1980-09-02 12:00:00,389567040.0,-17796370432.0,17185794048.0,221009920.0,1.2860035409636488
1980-09-02 18:00:00,479378432.0,-17739118592.0,17454036992.0,-194295808.0,-1.1131854945022452
1980-09-03 00:00:00,-189057168.0,-16654773248.0,17418631168.0,-574800896.0,-3.2999200135540754
1980-09-03 06:00:00,-631639936.0,-17115820032.0,17193820160.0,553639936.0,3.2199937585016594
1980-09-03 12:00:00,209469472.0,-17921523712.0,17701656576.0,10397696.0,0.058738547747543876
1980-09-03 18:00:00,-10464493.0,-17853636608.0,18036152320.0,-172050432.0,-0.9539198214090043
1980-09-04 00:00:00,-503800032.0,-16787618816.0,17781821440.0,-490401792.0,-2.7578827830137067
1980-09-04 06:00:00,-810742144.0,-17178744832.0,17356251136.0,633235456.0,3.648457555943952
1980-09-04 12:00:00,277971296.0,-17992636416.0,17542498304.0,172167168.0,0.9814290132252306
1980-09-04 18:00:00,294516480.0,-17944295424.0,17848131584.0,-198352896.0,-1.1113370330472794
1980-09-05 00:00:00,-497391360.0,-17018476544.0,18276585472.0,-760717312.0,-4.162250728755819
1980-09-05 06:00:00,-1333618176.0,-17309642752.0,18241564672.0,401696768.0,2.2020960110762147
1980-09-05 12:00:00,-726437504.0,-18084028416.0,18735185920.0,75280384.0,0.40181284734216294
1980-09-05 18:00:00,-636309248.0,-17952501760.0,18557702144.0,31109120.0,0.16763454741651876
1980-09-06 00:00:00,-767084032.0,-16937615360.0,18172536832.0,-467836928.0,-2.5744172777032786
1980-09-06 06:00:00,-1255572096.0,-17224695808.0,18084132864.0,396134400.0,2.190508126538834
1980-09-06 12:00:00,-523747680.0,-17972099072.0,18321928192.0,173918208.0,0.9492352888706267
1980-09-06 18:00:00,-431586304.0,-17808650240.0,18441760768.0,-201523200.0,-1.0927546590327832
1980-09-07 00:00:00,-1108790400.0,-16697116672.0,18361812992.0,-555905024.0,-3.0275061849404548
1980-09-07 06:00:00,-1375927424.0,-17146781696.0,17783050240.0,739659776.0,4.1593526758208155
1980-09-07 12:00:00,-202544576.0,-18013061120.0,18081495040.0,134111232.0,0.7417043319886893
1980-09-07 18:00:00,-162543040.0,-17936824320.0,18193106944.0,-93739008.0,-0.5152446379199386
1980-09-08 00:00:00,-570492736.0,-16823992320.0,17883232256.0,-488747008.0,-2.7329903286136688
1980-09-08 06:00:00,-664373440.0,-17092220928.0,16958913536.0,797680640.0,4.703606975215137
1980-09-08 12:00:00,436902208.0,-17862778880.0,17478821888.0,-52944896.0,-0.30290883641505073
1980-09-08 18:00:00,165512976.0,-17747767296.0,17765453824.0,-183199744.0,-1.0312134202420924
1980-09-09 00:00:00,-362588832.0,-16678184960.0,17499305984.0,-458531840.0,-2.620285858303442
1980-09-09 06:00:00,-495424576.0,-16992548864.0,16824381440.0,663592960.0,3.9442339224567653
1980-09-09 12:00:00,367460608.0,-17746585600.0,17406812160.0,-27686912.0,-0.15905791218694923
1980-09-09 18:00:00,278454976.0,-17753114624.0,17483558912.0,-8898560.0,-0.050896731293606313
1980-09-10 00:00:00,7681371.0,-16669856768.0,17170935808.0,-508760064.0,-2.9629140175514888
1980-09-10 06:00:00,-326555104.0,-16884335616.0,16584712192.0,626178048.0,3.7756340945250213
1980-09-10 12:00:00,717237696.0,-17540937728.0,16784454656.0,39245824.0,0.23382245538713797
1980-09-10 18:00:00,489703200.0,-17323300864.0,17045117952.0,-211520512.0,-1.2409448417761233
1980-09-11 00:00:00,-43468508.0,-16206004224.0,16757929984.0,-508456960.0,-3.0341274876160744
1980-09-11 06:00:00,-501803680.0,-16335824896.0,16438207488.0,399421440.0,2.429835736600723
1980-09-11 12:00:00,37974588.0,-17062774784.0,17132846080.0,-108046336.0,-0.6306385728062293
1980-09-11 18:00:00,-337314720.0,-17015636992.0,17560160256.0,-207208448.0,-1.179991782416681
1980-09-12 00:00:00,-1006757696.0,-16001679360.0,17639159808.0,-630722560.0,-3.5756950266641634
1980-09-12 06:00:00,-1555823104.0,-16287998976.0,17226452992.0,617369600.0,3.58384631059399
1980-09-12 12:00:00,-412980064.0,-17321496576.0,17461768192.0,272707584.0,1.5617409474313104
1980-09-12 18:00:00,-62211828.0,-17560358912.0,17551452160.0,71118848.0,0.40520207303462236
1980-09-13 00:00:00,-362854208.0,-16693370880.0,17645314048.0,-589088768.0,-3.3384997648526977
1980-09-13 06:00:00,-1174497792.0,-16900699136.0,17899507712.0,175689728.0,0.9815338545999002
1980-09-13 12:00:00,-885257856.0,-17916991488.0,18718679040.0,83570688.0,0.44645611915999817
1980-09-13 18:00:00,-821758528.0,-18164795392.0,19007426560.0,-20873216.0,-0.10981610758358232
1980-09-14 00:00:00,-1239023360.0,-17261793280.0,19071649792.0,-570832896.0,-2.9930965712229454
1980-09-14 06:00:00,-1673320832.0,-17362116608.0,18440429568.0,595007488.0,3.2266465691912454
1980-09-14 12:00:00,-453163552.0,-18020556800.0,18128586752.0,345133056.0,1.9038056342804763
1980-09-14 18:00:00,-120314656.0,-17910538240.0,18141032448.0,-110180352.0,-0.6073543626352264
1980-09-15 00:00:00,-547676544.0,-16783240192.0,17843447808.0,-512530432.0,-2.872373307641868
1980-09-15 06:00:00,-812986240.0,-16893412352.0,17022075904.0,684321792.0,4.02020174189913
1980-09-15 12:00:00,441340864.0,-17751525376.0,17055234048.0,254951424.0,1.4948573750584042
1980-09-15 18:00:00,500877344.0,-17867393024.0,17576714240.0,-210198528.0,-1.1958920485925815
1980-09-16 00:00:00,-156945552.0,-16934737920.0,17701509120.0,-609825792.0,-3.445049729183768
1980-09-16 06:00:00,-799550720.0,-17070909440.0,17429915648.0,440545280.0,2.5275238784678256
1980-09-16 12:00:00,44697444.0,-17742145536.0,17606318080.0,91129856.0,0.517597464648327
1980-09-16 18:00:00,-94893680.0,-17601929216.0,17842503680.0,-145680384.0,-0.816479495326073
1980-09-17 00:00:00,-412436032.0,-16615563264.0,17399263232.0,-371263488.0,-2.1337885578809317
1980-09-17 06:00:00,-504773088.0,-16675997696.0,16469982208.0,710788096.0,4.315657946823691
1980-09-17 12:00:00,826144960.0,-17401389056.0,16392474624.0,182769664.0,1.1149607865331657
1980-09-17 18:00:00,669350144.0,-17339910144.0,16995891200.0,-325330944.0,-1.9141740799093843
1980-09-18 00:00:00,-235475168.0,-16444238848.0,17380464640.0,-700750848.0,-4.031830348121234
1980-09-18 06:00:00,-952155264.0,-16645181440.0,17126182912.0,471154688.0,2.75107821994515
1980-09-18 12:00:00,-210554752.0,-17445613568.0,17686155264.0,-29986816.0,-0.16954965933742466
1980-09-18 18:00:00,-475608064.0,-17395855360.0,17938294784.0,-66832384.0,-0.3725682112193346
1980-09-19 00:00:00,-624109120.0,-16543915008.0,17469489152.0,-301464576.0,-1.7256633744524048
1980-09-19 06:00:00,-561731712.0,-16794870784.0,16586852352.0,769751040.0,4.640730041267808
1980-09-19 12:00:00,665748672.0,-17548003328.0,16841191424.0,41063424.0,0.24382730987477197
1980-09-19 18:00:00,479793120.0,-17567569920.0,17184253952.0,-96477184.0,-0.5614278296252218
1980-09-20 00:00:00,185421840.0,-16624272384.0,16835821568.0,-396971008.0,-2.357895077449184
1980-09-20 06:00:00,-56611836.0,-16831991808.0,16336596992.0,552006656.0,3.3789574185512232
1980-09-20 12:00:00,877086592.0,-17599055872.0,16633656320.0,88312832.0,0.5309285601495463
1980-09-20 18:00:00,794033088.0,-17523914752.0,16866229248.0,-136347648.0,-0.8084062299590059
1980-09-21 00:00:00,402218368.0,-16607430656.0,16610061312.0,-404848640.0,-2.4373699313651276
1980-09-21 06:00:00,51258032.0,-16808023040.0,16348703744.0,408060928.0,2.49598337819143
1980-09-21 12:00:00,648978560.0,-17443215360.0,16873806848.0,-79569920.0,-0.47155879355956465
1980-09-21 18:00:00,159373808.0,-17215467520.0,17476186112.0,-420091904.0,-2.4037962362482763
1980-09-22 00:00:00,-735992640.0,-16300497920.0,17574262784.0,-537772032.0,-3.0599976716497013
1980-09-22 06:00:00,-1290847744.0,-16601555968.0,17541126144.0,351277056.0,2.002591242524959
1980-09-22 12:00:00,-837993856.0,-17372164096.0,18185484288.0,24674304.0,0.1356813137843228
1980-09-22 18:00:00,-716415040.0,-17346557952.0,17974011904.0,88961024.0,0.4949425007346429
1980-09-23 00:00:00,-772078208.0,-16348681216.0,17523615744.0,-402855936.0,-2.298931578307039
1980-09-23 06:00:00,-1005574912.0,-16573299712.0,17021103104.0,557771776.0,3.2769425846960667
1980-09-23 12:00:00,-82104528.0,-17372176384.0,17305464832.0,148815872.0,0.8599357107404626
1980-09-23 18:00:00,23148308.0,-17389332480.0,17421457408.0,-55273472.0,-0.3172723768484387
1980-09-24 00:00:00,-282392832.0,-16451548160.0,17129063424.0,-395122688.0,-2.306738425910565
1980-09-24 06:00:00,-401175904.0,-16749534208.0,16497632256.0,653077504.0,3.958613538391142
1980-09-24 12:00:00,583857984.0,-17464848384.0,16857010176.0,23980032.0,0.14225554679999738
1980-09-24 18:00:00,435396672.0,-17365880832.0,17046060032.0,-115575808.0,-0.6780206557001054
1980-09-25 00:00:00,118795880.0,-16370349056.0,16633344000.0,-381791232.0,-2.2953365961769325
1980-09-25 06:00:00,-27486198.0,-16515689472.0,15970660352.0,572515328.0,3.5847943377513762
1980-09-25 12:00:00,823770432.0,-17016382464.0,16267682816.0,-75070464.0,-0.4614699269041858
1980-09-25 18:00:00,417823520.0,-16935249920.0,16778570752.0,-261144576.0,-1.5564172888138976
1980-09-26 00:00:00,-198319120.0,-16017284096.0,16705405952.0,-489802752.0,-2.9320014934528422
1980-09-26 06:00:00,-609205760.0,-16142742528.0,16260711424.0,491236352.0,3.02100159821396
1980-09-26 12:00:00,119172216.0,-16669276160.0,16631597056.0,-81492992.0,-0.4899889753558012
1980-09-26 18:00:00,-203084944.0,-16614686720.0,17008057344.0,-190285824.0,-1.118798109339206
1980-09-27 00:00:00,-620851712.0,-15701144576.0,16655505408.0,-333508608.0,-2.002392601306524
1980-09-27 06:00:00,-918615616.0,-16031537152.0,16689046528.0,261106688.0,1.564539277674905
1980-09-27 12:00:00,-754994112.0,-16729902080.0,17662859264.0,-177963008.0,-1.0075549226773253
1980-09-27 18:00:00,-1010353152.0,-16775996416.0,17675188224.0,111161344.0,0.6289117976636943
1980-09-28 00:00:00,-699384896.0,-16005583872.0,16790509568.0,-85540864.0,-0.5094596066520046
1980-09-28 06:00:00,-580961664.0,-16268752896.0,16292024320.0,557689856.0,3.42308509394614
1980-09-28 12:00:00,399686112.0,-17090804736.0,16562312192.0,128806912.0,0.7777109289258348
1980-09-28 18:00:00,274951328.0,-17147410432.0,17116290048.0,-243830784.0,-1.4245539384774044
1980-09-29 00:00:00,-422471008.0,-16317477888.0,17296371712.0,-556423168.0,-3.2169935826134033
1980-09-29 06:00:00,-976605504.0,-16662465536.0,17174280192.0,464791552.0,2.7063233323543066
1980-09-29 12:00:00,-174294992.0,-17522755584.0,17577777152.0,119273472.0,0.6785469571528221
1980-09-29 18:00:00,-271742304.0,-17498523648.0,18076110848.0,-305844224.0,-1.6919802416117602
1980-09-30 00:00:00,-1104715136.0,-16704784384.0,18315626496.0,-506126336.0,-2.7633580326096645
1980-09-30 06:00:00,-1385598848.0,-16953140224.0,17742704640.0,596033536.0,3.3593161138255865
1980-09-30 12:00:00,-430121856.0,-17869725696.0,18224289792.0,75556864.0,0.4145942852223934
1980-09-30 18:00:00,-842388736.0,-18081568768.0,19337527296.0,-413569024.0,-2.1386861808621593
1980-10-01 00:00:00,-1618125952.0,-17269092352.0,19241963520.0,-354744320.0,-1.8435973004068973
1980-10-01 06:00:00,-1618723072.0,-17496174592.0,18434011136.0,680886272.0,3.693641427124285
1980-10-01 12:00:00,-461379552.0,-18394335232.0,18573842432.0,281872384.0,1.517577125099195
1980-10-01 18:00:00,-133893400.0,-18384971776.0,18544164864.0,-25298944.0,-0.1364253617541609
1980-10-02 00:00:00,-289365248.0,-17286791168.0,17902127104.0,-325969920.0,-1.82084462983824
1980-10-02 06:00:00,-388432224.0,-17242232832.0,17110943744.0,519720960.0,3.0373599947240875
1980-10-02 12:00:00,477911328.0,-17744617472.0,17113811968.0,152894464.0,0.8933980593329375
1980-10-02 18:00:00,714528704.0,-17579788288.0,16922048512.0,-56788992.0,-0.3355917101864411
1980-10-03 00:00:00,269253248.0,-16686349312.0,17005967360.0,-588871680.0,-3.462735565311587
1980-10-03 06:00:00,-376984608.0,-16978751488.0,16964468736.0,391268352.0,2.306399086755345
1980-10-03 12:00:00,163131664.0,-17681944576.0,17589155840.0,-70342656.0,-0.3999205910725503
1980-10-03 18:00:00,-227997040.0,-17620062208.0,18109628416.0,-261568512.0,-1.4443615627634974
1980-10-04 00:00:00,-728121152.0,-16716441600.0,17816117248.0,-371554304.0,-2.0854953906509
1980-10-04 06:00:00,-985638976.0,-16779528192.0,17304143872.0,461023232.0,2.664236008497283
1980-10-04 12:00:00,-186815120.0,-17448863744.0,17505079296.0,130598912.0,0.7460629557378956
1980-10-04 18:00:00,-24971140.0,-17426759680.0,17399803904.0,51927040.0,0.2984346276917674
1980-10-05 00:00:00,27537378.0,-16418551808.0,16621448192.0,-230433792.0,-1.3863641082183749
1980-10-05 06:00:00,17856230.0,-16540793856.0,15996275712.0,526661632.0,3.2924015657276513
1980-10-05 12:00:00,1032100928.0,-17219661824.0,15876959232.0,310601728.0,1.956304878417666
1980-10-05 18:00:00,1540312704.0,-17245286400.0,15588525056.0,116448256.0,0.7470126620810686
1980-10-06 00:00:00,1444717952.0,-16271080448.0,15298053120.0,-471690240.0,-3.0833350904196624
1980-10-06 06:00:00,870478912.0,-16526511104.0,15445775360.0,210256896.0,1.3612582800116548
1980-10-06 12:00:00,1037491008.0,-17333233664.0,16382917632.0,-87175168.0,-0.5321101525269513
1980-10-06 18:00:00,781410112.0,-17423089664.0,16857697280.0,-216017920.0,-1.2814200920328782
1980-10-07 00:00:00,-69791008.0,-16540921856.0,17293254656.0,-682542080.0,-3.946868843241072
1980-10-07 06:00:00,-674071232.0,-16858424320.0,17004154880.0,528340992.0,3.107128791336909
1980-10-07 12:00:00,217941536.0,-17642436608.0,17282725888.0,141768704.0,0.8202913413007086
1980-10-07 18:00:00,282334048.0,-17624473600.0,17447788544.0,-105648128.0,-0.6055101351874798
1980-10-08 00:00:00,-134470576.0,-16554963968.0,17111258112.0,-421823488.0,-2.4651810243232686
1980-10-08 06:00:00,-345928416.0,-16692222976.0,16532908032.0,505243648.0,3.0559877731254774
1980-10-08 12:00:00,413003712.0,-17377568768.0,16932435968.0,32129024.0,0.18974838623762985
1980-10-08 18:00:00,354901664.0,-17248266240.0,17036826624.0,-143462400.0,-0.8420723129147928
1980-10-09 00:00:00,-253881488.0,-16168067072.0,17072320512.0,-650372096.0,-3.8095119848696526
1980-10-09 06:00:00,-1025004992.0,-16236299264.0,16985444352.0,275859456.0,1.6240932546902616
1980-10-09 12:00:00,-698838528.0,-16686826496.0,17542383616.0,-156719104.0,-0.8933740558327555
1980-10-09 18:00:00,-934315840.0,-16534232064.0,17493415936.0,-24868864.0,-0.142161279940883
1980-10-10 00:00:00,-1187651456.0,-15511751680.0,17158290432.0,-458887168.0,-2.6744340866510865
1980-10-10 06:00:00,-1535261952.0,-15608622080.0,16662198272.0,481685504.0,2.890888081733181
1980-10-10 12:00:00,-675027776.0,-16096795648.0,16655762432.0,116061184.0,0.6968230032929422
1980-10-10 18:00:00,-729179584.0,-15967124480.0,16905247744.0,-208944128.0,-1.2359719961759112
1980-10-11 00:00:00,-1212769280.0,-15203533824.0,16847968256.0,-431665152.0,-2.5621199271091504
1980-10-11 06:00:00,-1688979072.0,-15459889152.0,16738660352.0,410208256.0,2.450663597765079
1980-10-11 12:00:00,-792292864.0,-16132978688.0,16613404672.0,311867392.0,1.8772033677456672
1980-10-11 18:00:00,-518270656.0,-16235545600.0,16918253568.0,-164436992.0,-0.9719501563153307
1980-10-12 00:00:00,-1191009280.0,-15454274560.0,17233381376.0,-588097536.0,-3.412548722556629
1980-10-12 06:00:00,-1657541760.0,-15773623296.0,16897025024.0,534139904.0,3.16114761765059
1980-10-12 12:00:00,-712591808.0,-16497911808.0,16970307584.0,240195584.0,1.4153873335004368
1980-10-12 18:00:00,-473206112.0,-16606596096.0,17136740352.0,-56938496.0,-0.3322597812095274
1980-10-13 00:00:00,-920977024.0,-15749411840.0,17206106112.0,-535716864.0,-3.1135276076577063
1980-10-13 06:00:00,-1310956928.0,-16057610240.0,16840326144.0,528241664.0,3.1367662329283688
1980-10-13 12:00:00,-430228160.0,-16713333760.0,16952913920.0,190648320.0,1.124575520760976
1980-10-13 18:00:00,-224955904.0,-16609007616.0,16966922240.0,-132958208.0,-0.7836318580310768
1980-10-14 00:00:00,-804423552.0,-15619356672.0,17005153280.0,-581372928.0,-3.418804396686979
1980-10-14 06:00:00,-1386097152.0,-15862224896.0,16774809600.0,473511936.0,2.8227559494922674
1980-10-14 12:00:00,-438723808.0,-16618010624.0,16817850368.0,238883840.0,1.4204183933907146
1980-10-14 18:00:00,-162021520.0,-16520669184.0,16682504192.0,186368.0,0.0011171464299069183
1980-10-15 00:00:00,-348964704.0,-15586552832.0,16297143296.0,-361625600.0,-2.2189508518879997
1980-10-15 06:00:00,-494634240.0,-15710816256.0,15679667200.0,525783040.0,3.3532793349083327
1980-10-15 12:00:00,492156704.0,-16345632768.0,15566190592.0,287285248.0,1.8455719548214047
1980-10-15 18:00:00,869032064.0,-16270279680.0,15435471872.0,-34224128.0,-0.22172388563049172
1980-10-16 00:00:00,624544192.0,-15216459776.0,14973049856.0,-381133824.0,-2.545465537518878
1980-10-16 06:00:00,331183424.0,-15218097152.0,14494995456.0,391918592.0,2.7038200404386523
1980-10-16 12:00:00,1021045120.0,-15808115712.0,14715965440.0,71105536.0,0.4831863481190671
1980-10-16 18:00:00,953904064.0,-15811440640.0,15006878720.0,-149342208.0,-0.9951583589528736
1980-10-17 00:00:00,384888352.0,-14909542400.0,15112097792.0,-587444224.0,-3.887244723303601
1980-10-17 06:00:00,-394097152.0,-14968535040.0,15194501120.0,168130560.0,1.1065224101283293
1980-10-17 12:00:00,-112580720.0,-15606733824.0,15657821184.0,61493248.0,0.3927318320817017
1980-10-17 18:00:00,-30936016.0,-15910145024.0,15930364928.0,10716160.0,0.06726876658779327
1980-10-18 00:00:00,-266361632.0,-15017458688.0,15726077952.0,-442257408.0,-2.8122549649689033
1980-10-18 06:00:00,-659931008.0,-15107482624.0,15289364480.0,478049280.0,3.1266785524364713
1980-10-18 12:00:00,410325600.0,-15817508864.0,15028792320.0,378390528.0,2.517770689374993
1980-10-18 18:00:00,786582208.0,-15997715456.0,15341838336.0,-130705408.0,-0.8519540170964816
1980-10-19 00:00:00,245077232.0,-15103739904.0,15418387456.0,-559724544.0,-3.630240487841584
1980-10-19 06:00:00,-520000448.0,-15248607232.0,15590344704.0,178263040.0,1.1434194906175694
1980-10-19 12:00:00,-89477072.0,-16065208320.0,15931900928.0,222784512.0,1.3983548667972234
1980-10-19 18:00:00,71513800.0,-16421853184.0,16471828480.0,-121489408.0,-0.7375587242637437
1980-10-20 00:00:00,-539487360.0,-15677592576.0,16918427648.0,-701347840.0,-4.145467029159233
1980-10-20 06:00:00,-1552494976.0,-15854528512.0,17129829376.0,277193728.0,1.6181931641909193
1980-10-20 12:00:00,-592201984.0,-16728910848.0,16706910208.0,614203392.0,3.6763434073279004
1980-10-20 18:00:00,281768160.0,-17003613184.0,16679944192.0,41901056.0,0.251206212189226
1980-10-21 00:00:00,-26521736.0,-16073472000.0,16567121920.0,-467128320.0,-2.8196105651644774
1980-10-21 06:00:00,-253972080.0,-16162285568.0,15826945024.0,589313024.0,3.7234793139570836
1980-10-21 12:00:00,944347328.0,-16985403392.0,15637737472.0,403318784.0,2.5791377091613064
1980-10-21 18:00:00,1336343808.0,-17253994496.0,16072799232.0,-155148288.0,-0.9652848004914344
1980-10-22 00:00:00,517081792.0,-16290970624.0,16574537728.0,-800649216.0,-4.83059756561073
1980-10-22 06:00:00,-527723808.0,-16356311040.0,16671665152.0,212369408.0,1.273834413442039
1980-10-22 12:00:00,79864656.0,-17149163520.0,16656427008.0,412871680.0,2.478752975063018
1980-10-22 18:00:00,758649344.0,-17298102272.0,16541794304.0,-2340864.0,-0.014151209699385221
1980-10-23 00:00:00,128224288.0,-16280870912.0,16917429248.0,-764782592.0,-4.520678530932314
1980-10-23 06:00:00,-718640960.0,-16420199424.0,16747929600.0,390910976.0,2.3340853785294153
1980-10-23 12:00:00,-28021754.0,-17209847808.0,17114730496.0,123138048.0,0.7194857554361106
1980-10-23 18:00:00,-82938720.0,-17605322752.0,17931327488.0,-243066880.0,-1.3555431418151567
1980-10-24 00:00:00,-871940544.0,-16675863552.0,18101506048.0,-553701376.0,-3.0588691047680943
1980-10-24 06:00:00,-1339395072.0,-16809337856.0,17730699264.0,418033664.0,2.357682896628707
1980-10-24 12:00:00,-607154688.0,-17609893888.0,18031013888.0,186034176.0,1.0317455089079015
1980-10-24 18:00:00,-454840160.0,-17905045504.0,18462810112.0,-102924288.0,-0.5574681609984378
1980-10-25 00:00:00,-995011200.0,-16913357824.0,18405588992.0,-497219584.0,-2.70145978059228
1980-10-25 06:00:00,-1092281856.0,-16967463936.0,17321164800.0,738580480.0,4.264034714339766
1980-10-25 12:00:00,94367616.0,-17572689920.0,17368641536.0,109680640.0,0.631486577534949
1980-10-25 18:00:00,-179326112.0,-17878966272.0,18468231168.0,-409937920.0,-2.2196923802334765
1980-10-26 00:00:00,-1169347712.0,-16905436160.0,18631931904.0,-557148160.0,-2.9902865836493775
1980-10-26 06:00:00,-1561225088.0,-16890059776.0,17964150784.0,487133184.0,2.7116961433761255
1980-10-26 12:00:00,-677774144.0,-17395136512.0,17833703424.0,239206400.0,1.3413164630633256
1980-10-26 18:00:00,-205010048.0,-17585821696.0,17694511104.0,96321536.0,0.5443582783037485
1980-10-27 00:00:00,-501479808.0,-16555558912.0,17604096000.0,-547057664.0,-3.107558968094698
1980-10-27 06:00:00,-949242112.0,-16599036928.0,17148083200.0,400196608.0,2.333768756148792
1980-10-27 12:00:00,-304651424.0,-17161262080.0,17337688064.0,128225280.0,0.7395754239358312
1980-10-27 18:00:00,-160525872.0,-17385259008.0,17629974528.0,-84189184.0,-0.47753434848297927
1980-10-28 00:00:00,-736864960.0,-16332366848.0,17659545600.0,-590313472.0,-3.342744402211572
1980-10-28 06:00:00,-1070554944.0,-16435444736.0,16897240064.0,608758784.0,3.6027113403979865
1980-10-28 12:00:00,-91696920.0,-17178089472.0,17078723584.0,191063040.0,1.1187196693024246
1980-10-28 18:00:00,150475040.0,-17534451712.0,17356328960.0,27648000.0,0.15929635848524504
1980-10-29 00:00:00,-199708768.0,-16454175744.0,17247062016.0,-593177600.0,-3.4392964984396333
1980-10-29 06:00:00,-735029376.0,-16345103360.0,16747777024.0,332355584.0,1.9844758114687449
1980-10-29 12:00:00,-289656512.0,-16882283520.0,17140009984.0,31930368.0,0.18629142007388927
1980-10-29 18:00:00,-314938656.0,-17032430592.0,17452417024.0,-105048064.0,-0.6019112645288117
1980-10-30 00:00:00,-741005056.0,-16043761664.0,17283334144.0,-498567168.0,-2.884670074917693
1980-10-30 06:00:00,-1287008896.0,-16195551232.0,17178526720.0,304032768.0,1.7698419250705104
1980-10-30 12:00:00,-754524352.0,-16980788224.0,17510830080.0,224483328.0,1.2819685130540652
1980-10-30 18:00:00,-304381344.0,-17369839616.0,17528739840.0,145481728.0,0.8299611342739855
1980-10-31 00:00:00,-297401824.0,-16478046208.0,17006966784.0,-231519232.0,-1.3613199516436476
1980-10-31 06:00:00,-134526656.0,-16588526592.0,16161376256.0,561677312.0,3.475429957838363
1980-10-31 12:00:00,721982400.0,-17277401088.0,16412249088.0,143169536.0,0.8723334335979583
1980-10-31 18:00:00,591439616.0,-17466658816.0,17236238336.0,-361019392.0,-2.0945370153414893
1980-11-01 00:00:00,-283751200.0,-16387316736.0,17198501888.0,-527433728.0,-3.066742274616425
1980-11-01 06:00:00,-642486784.0,-16414999552.0,16562401280.0,495085568.0,2.989213699331405
1980-11-01 12:00:00,353410144.0,-17200687104.0,16492536832.0,354740224.0,2.1509136381718283
1980-11-01 18:00:00,740373184.0,-17527033856.0,16930912256.0,-144251904.0,-0.8520031396942584
1980-11-02 00:00:00,10873359.0,-16560430080.0,17167991808.0,-618435584.0,-3.60225931440519
1980-11-02 06:00:00,-503976608.0,-16642626560.0,16693712896.0,452890624.0,2.712941254120392
1980-11-02 12:00:00,248700256.0,-17276270592.0,16901316608.0,126254080.0,0.7470073659246133
1980-11-02 18:00:00,240356752.0,-17451454464.0,17420226560.0,-209129472.0,-1.2004980031671872
1980-11-03 00:00:00,-461256896.0,-16469337088.0,17513908224.0,-583314432.0,-3.330578329745163
1980-11-03 06:00:00,-890808320.0,-16472742912.0,16860102656.0,503447552.0,2.9860289837608924
1980-11-03 12:00:00,54716852.0,-17012545536.0,16667564032.0,290265088.0,1.7414967624706348
1980-11-03 18:00:00,463886368.0,-16991012864.0,16559900672.0,-32774144.0,-0.19791268467820916
1980-11-04 00:00:00,199325696.0,-15913322496.0,16093532160.0,-379535360.0,-2.3583098863984873
1980-11-04 06:00:00,-81581168.0,-15856320512.0,15586059264.0,351842304.0,2.257416695525276
1980-11-04 12:00:00,573265344.0,-16524114944.0,15779288064.0,171561984.0,1.0872606121654742
1980-11-04 18:00:00,650037504.0,-16772857856.0,16261234688.0,-138414080.0,-0.8511904701931573
1980-11-05 00:00:00,70785992.0,-15846925312.0,16330383360.0,-554244096.0,-3.3939441823366967
1980-11-05 06:00:00,-516580192.0,-15868928000.0,16121708544.0,263799808.0,1.6363018056059455
1980-11-05 12:00:00,-92782104.0,-16876162048.0,16826321920.0,142622720.0,0.8476167321539038
1980-11-05 18:00:00,3671681.5,-17658017792.0,17682376704.0,-28030976.0,-0.15852493400199422
1980-11-06 00:00:00,-512923936.0,-16983037952.0,18068670464.0,-572708864.0,-3.169623714932787
1980-11-06 06:00:00,-1125369600.0,-16981833728.0,17806827520.0,300376064.0,1.6868589515040127
1980-11-06 12:00:00,-456170880.0,-17708898304.0,17784236032.0,380833792.0,2.1414121546449794
1980-11-06 18:00:00,290276256.0,-18290063360.0,17747359744.0,252428288.0,1.4223427689594255
1980-11-07 00:00:00,212812144.0,-17510365184.0,17853370368.0,-555816960.0,-3.1132326756422106
1980-11-07 06:00:00,-507279040.0,-17466710016.0,17824272384.0,149716992.0,0.8399613110400725
1980-11-07 12:00:00,-182514976.0,-18132185088.0,18127038464.0,187662336.0,1.0352619727303736
1980-11-07 18:00:00,52451248.0,-18644678656.0,18625007616.0,-32780288.0,-0.17600147433947766
1980-11-08 00:00:00,-416732416.0,-17613504512.0,18578819072.0,-548581376.0,-2.9527246800457996
1980-11-08 06:00:00,-683490752.0,-17227966464.0,17400193024.0,511264768.0,2.9382706691518594
1980-11-08 12:00:00,67321184.0,-17768413184.0,17610362880.0,90728448.0,0.5151991961678418
1980-11-08 18:00:00,201896048.0,-18154362880.0,17986416640.0,-33949696.0,-0.18875186024824564
1980-11-09 00:00:00,-345184384.0,-17126141952.0,18088325120.0,-616998912.0,-3.4110339564705923
1980-11-09 06:00:00,-851624576.0,-16945097728.0,17386280960.0,410441728.0,2.36072181822144
1980-11-09 12:00:00,74821816.0,-17681801216.0,17179779072.0,427200512.0,2.486647297439705
1980-11-09 18:00:00,608414464.0,-18072494080.0,17510531072.0,-46450688.0,-0.2652728681329169
1980-11-10 00:00:00,168658656.0,-17020433408.0,17382590464.0,-530816000.0,-3.053722062309067
1980-11-10 06:00:00,-339061664.0,-16841774080.0,16838678528.0,342157312.0,2.031972469995479
1980-11-10 12:00:00,445489536.0,-17475364864.0,16735173632.0,294702080.0,1.7609741403369026
1980-11-10 18:00:00,740774528.0,-17659566080.0,17053146112.0,-134354944.0,-0.7878601585748262
1980-11-11 00:00:00,105287864.0,-16584537088.0,17118748672.0,-639499264.0,-3.7356659429552024
1980-11-11 06:00:00,-577541696.0,-16474348544.0,16720713728.0,331176960.0,1.9806388972823636
1980-11-11 12:00:00,198867744.0,-17211035648.0,16649540608.0,362627072.0,2.178000465825225
1980-11-11 18:00:00,722025984.0,-17552283648.0,16798661632.0,31595520.0,0.1880835550602035
1980-11-12 00:00:00,279985056.0,-16541544448.0,16939658240.0,-678098944.0,-4.003026120083046
1980-11-12 06:00:00,-525833056.0,-16468294656.0,16787503104.0,206624768.0,1.2308248982587946
1980-11-12 12:00:00,9499238.0,-17142712320.0,16735696896.0,397515776.0,2.3752567847653254
1980-11-12 18:00:00,767558976.0,-17376196608.0,16444227584.0,164410368.0,0.9998059632789864
1980-11-13 00:00:00,599062720.0,-16177793024.0,16201528320.0,-622797824.0,-3.84406836008913
1980-11-13 06:00:00,-158806960.0,-15967386624.0,15907819520.0,218374144.0,1.3727471808782503
1980-11-13 12:00:00,496984576.0,-16626096128.0,15707800576.0,421311488.0,2.6821800159834166
1980-11-13 18:00:00,1192125184.0,-16890238976.0,15658444800.0,39668736.0,0.2533376494707827
1980-11-14 00:00:00,601731968.0,-15770120192.0,15981591552.0,-813203456.0,-5.0883759189693
1980-11-14 06:00:00,-491853568.0,-15678270464.0,16116278272.0,53846016.0,0.3341094953265399
1980-11-14 12:00:00,-378752480.0,-16433685504.0,16690224128.0,122213376.0,0.732245265628107
1980-11-14 18:00:00,-150699024.0,-16976068608.0,17019054080.0,107713536.0,0.6328996634811798
1980-11-15 00:00:00,-198697776.0,-16084197376.0,16593610752.0,-310715392.0,-1.8725001848229446
1980-11-15 06:00:00,-359117536.0,-16022723584.0,16042246144.0,339595264.0,2.1168810212216624
1980-11-15 12:00:00,154593600.0,-16669266944.0,16417539072.0,97134592.0,0.5916513527028078
1980-11-15 18:00:00,156352736.0,-17112732672.0,17075019776.0,-118639616.0,-0.6948139302699686
1980-11-16 00:00:00,-330641664.0,-16108937216.0,16889776128.0,-450197504.0,-2.6655030865309053
1980-11-16 06:00:00,-607182976.0,-16143247360.0,16386138112.0,364292096.0,2.2231723760049316
1980-11-16 12:00:00,-141769168.0,-16844197888.0,16918118400.0,67848192.0,0.4010386403253922
1980-11-16 18:00:00,-114145568.0,-17257428992.0,17410451456.0,-38877184.0,-0.22329796615700118
1980-11-17 00:00:00,-466699456.0,-16260868096.0,17153155072.0,-425587712.0,-2.481104556063329
1980-11-17 06:00:00,-684654016.0,-16382415872.0,16635448320.0,431621120.0,2.5945866423153903
1980-11-17 12:00:00,-21927464.0,-17291446272.0,17136150528.0,177223680.0,1.0342094025751079
1980-11-17 18:00:00,101283256.0,-17795590144.0,17826385920.0,-132079616.0,-0.7409220051262079
1980-11-18 00:00:00,-727133632.0,-16769628160.0,18272522240.0,-775759872.0,-4.245499673284294
1980-11-18 06:00:00,-1589734016.0,-16698291200.0,18036359168.0,251666432.0,1.395328345681345
1980-11-18 12:00:00,-913917952.0,-17316501504.0,17852602368.0,377817088.0,2.1163138023911876
1980-11-18 18:00:00,-417935008.0,-17477122048.0,17865392128.0,29665280.0,0.16604886020669157
1980-11-19 00:00:00,-463638976.0,-16339227648.0,17092429824.0,-289563648.0,-1.6941046473884882
1980-11-19 06:00:00,-628202560.0,-16252024832.0,16563042304.0,317185024.0,1.915016687021317
1980-11-19 12:00:00,44747752.0,-16901880832.0,16570599424.0,286533632.0,1.729168780611518
1980-11-19 18:00:00,385987968.0,-17339189248.0,16959097856.0,-5896192.0,-0.034767132367916447
1980-11-20 00:00:00,14245720.0,-16419506176.0,16904822784.0,-499562496.0,-2.9551477846477257
1980-11-20 06:00:00,-523338816.0,-16380593152.0,16713816064.0,190115840.0,1.1374771582504835
1980-11-20 12:00:00,-312901920.0,-16933045248.0,17260038144.0,-14090240.0,-0.08163504554535474
1980-11-20 18:00:00,-160244096.0,-17327953920.0,17232594944.0,255602688.0,1.4832512969208684
1980-11-21 00:00:00,8655706.0,-16299174912.0,16621425664.0,-330906624.0,-1.9908438102075912
1980-11-21 06:00:00,-51432272.0,-16164625408.0,15721256960.0,494800896.0,3.1473367381433603
1980-11-21 12:00:00,834688320.0,-16833314816.0,15809770496.0,188856320.0,1.1945544690087828
1980-11-21 18:00:00,870475008.0,-17320245248.0,16567139328.0,-117368832.0,-0.7084435621401204
1980-11-22 00:00:00,260962640.0,-16314863616.0,16724179968.0,-670278656.0,-4.007841683613243
1980-11-22 06:00:00,-468779552.0,-16105241600.0,16288206848.0,285814784.0,1.754734493902223
1980-11-22 12:00:00,127781792.0,-16646661120.0,16302991360.0,215887872.0,1.324222452388026
1980-11-22 18:00:00,406452416.0,-17116812288.0,16663899136.0,46460928.0,0.27881186522323415
1980-11-23 00:00:00,136420544.0,-16020817920.0,16440200192.0,-555802624.0,-3.380753382008452
1980-11-23 06:00:00,-404854496.0,-15771008000.0,15899416576.0,276446208.0,1.7387191956294334
1980-11-23 12:00:00,140970112.0,-16381595648.0,16039653376.0,200972288.0,1.2529715155859489
1980-11-23 18:00:00,266241808.0,-16872903680.0,16679367680.0,-72706048.0,-0.43590410257087153
1980-11-24 00:00:00,-102532448.0,-15708634112.0,16327505920.0,-516339712.0,-3.162391822302276
1980-11-24 06:00:00,-496071360.0,-15529701376.0,15600166912.0,425606144.0,2.728215322315649
1980-11-24 12:00:00,332788160.0,-16172933120.0,15580381184.0,259764224.0,1.6672520455838418
1980-11-24 18:00:00,614764288.0,-16620158976.0,16020688896.0,-15294464.0,-0.09546695587989776
1980-11-25 00:00:00,236575744.0,-15420157952.0,15813580800.0,-629998592.0,-3.983908514888671
1980-11-25 06:00:00,-527579232.0,-15204931584.0,15485072384.0,247438336.0,1.5979152687440223
1980-11-25 12:00:00,114556440.0,-16097593344.0,15619002368.0,364034048.0,2.330712547594128
1980-11-25 18:00:00,541383680.0,-16747367424.0,16267220992.0,-61237248.0,-0.3764456635224643
1980-11-26 00:00:00,-74164552.0,-15728365568.0,16476709888.0,-674180096.0,-4.091715521986619
1980-11-26 06:00:00,-887863936.0,-15787539456.0,16473724928.0,201678848.0,1.224245572154791
1980-11-26 12:00:00,-594904128.0,-16797039616.0,17323925504.0,68018176.0,0.3926256551051029
1980-11-26 18:00:00,-739921152.0,-17526953984.0,18454302720.0,-187426816.0,-1.0156266473123077
1980-11-27 00:00:00,-1446741760.0,-16583218176.0,18592575488.0,-562616320.0,-3.0260268157207335
1980-11-27 06:00:00,-1992664192.0,-16560505856.0,18238144512.0,315025408.0,1.7272886931712015
1980-11-27 12:00:00,-1357543424.0,-17489149952.0,18544001024.0,302692352.0,1.632292575956234
1980-11-27 18:00:00,-894376576.0,-18232276992.0,18961793024.0,164859904.0,0.8694320404791694
1980-11-28 00:00:00,-970959936.0,-17201000448.0,18653257728.0,-481296384.0,-2.5802269556246813
1980-11-28 06:00:00,-1310344192.0,-16974766080.0,17797730304.0,487378944.0,2.738433135434481
1980-11-28 12:00:00,-171785632.0,-17811093504.0,17390172160.0,592707584.0,3.40829049043756
1980-11-28 18:00:00,752442816.0,-18494570496.0,17578688512.0,163438592.0,0.9297541843831495
1980-11-29 00:00:00,510878080.0,-17400991744.0,17552574464.0,-662460416.0,-3.77414958334855
1980-11-29 06:00:00,-246240896.0,-17212008448.0,17218732032.0,239517696.0,1.391029813083045
1980-11-29 12:00:00,271710944.0,-17894010880.0,17294721024.0,327579648.0,1.8941019490595745
1980-11-29 18:00:00,974088384.0,-18434351104.0,17218902016.0,241360896.0,1.4017205962129566
1980-11-30 00:00:00,847966272.0,-17318920192.0,17090745344.0,-619791360.0,-3.6264735535222776
1980-11-30 06:00:00,299129760.0,-17209763840.0,16476478464.0,434155520.0,2.6350018964829207
1980-11-30 12:00:00,1313320704.0,-17869322240.0,16071256064.0,484745216.0,3.016224830651793
1980-11-30 18:00:00,2100909696.0,-18367891456.0,16102413312.0,164568064.0,1.0220086940468667
1980-12-01 00:00:00,1812485760.0,-17269803008.0,16200967168.0,-743650304.0,-4.590159934826923
1980-12-01 06:00:00,744268928.0,-17135397888.0,16332938240.0,58190848.0,0.35627911613287283
1980-12-01 12:00:00,931252800.0,-17766649856.0,16738112512.0,97284096.0,0.581213060494452
1980-12-01 18:00:00,946959872.0,-18356752384.0,17497333760.0,-87541760.0,-0.5003148548273448
1980-12-02 00:00:00,281066592.0,-17231290368.0,17704611840.0,-754387968.0,-4.260968694583931
1980-12-02 06:00:00,-599039424.0,-17132624896.0,17545048064.0,186615808.0,1.063638055132546
1980-12-02 12:00:00,-294380032.0,-17818269696.0,17937915904.0,174733312.0,0.9741004079578497
1980-12-02 18:00:00,69808656.0,-18377289728.0,18186147840.0,121333760.0,0.6671768043869591
1980-12-03 00:00:00,-105833392.0,-17279420416.0,17850544128.0,-465291264.0,-2.606594290143535
1980-12-03 06:00:00,-438658208.0,-17292650496.0,17421039616.0,310269952.0,1.78100709738952
1980-12-03 12:00:00,-53178892.0,-17943359488.0,17882740736.0,113797120.0,0.6363516738287963
1980-12-03 18:00:00,143212944.0,-18508638208.0,18382012416.0,-16586752.0,-0.09023360241864826
1980-12-04 00:00:00,-419915648.0,-17221998592.0,18307072000.0,-665157632.0,-3.6333370623112207
1980-12-04 06:00:00,-835337408.0,-16995901440.0,17291399168.0,539840512.0,3.1220175230182967
1980-12-04 12:00:00,167050096.0,-17528182784.0,17054930944.0,306202624.0,1.7953905823800678
1980-12-04 18:00:00,547960128.0,-18235443200.0,17711142912.0,-23660544.0,-0.13359128836326561
1980-12-05 00:00:00,-65239584.0,-16976835584.0,17785253888.0,-743178240.0,-4.178620359765763
1980-12-05 06:00:00,-799680512.0,-16758720512.0,17233364992.0,325036032.0,1.8860856956890708
1980-12-05 12:00:00,-140846224.0,-17340825600.0,17200500736.0,281171968.0,1.634673154668792
1980-12-05 18:00:00,335655680.0,-17953226752.0,17529540608.0,88031232.0,0.5021879008045708
1980-12-06 00:00:00,-73769936.0,-16703178752.0,17553238016.0,-776289280.0,-4.422484781966737
1980-12-06 06:00:00,-1039593216.0,-16568817664.0,17366958080.0,241453056.0,1.3903013693460817
1980-12-06 12:00:00,-396946880.0,-17317201920.0,17324883968.0,389265408.0,2.2468572298607845
1980-12-06 18:00:00,210850672.0,-17985114112.0,17617772544.0,156491776.0,0.8882608491463108
1980-12-07 00:00:00,104912512.0,-16778713088.0,17245882368.0,-572082176.0,-3.3172102406398603
1980-12-07 06:00:00,-538180608.0,-16695695360.0,16936929280.0,296945664.0,1.7532438087856266
1980-12-07 12:00:00,189690464.0,-17557014528.0,16945086464.0,422238208.0,2.4918032073607246
1980-12-07 18:00:00,791670784.0,-18455429120.0,17530662912.0,133095424.0,0.7592150089709054
1980-12-08 00:00:00,633061056.0,-17348751360.0,17252966400.0,-537276416.0,-3.1141103711881106
1980-12-08 06:00:00,-31640076.0,-16998118400.0,16865911808.0,163847168.0,0.9714693748266989
1980-12-08 12:00:00,416094880.0,-17605199872.0,16932641792.0,256463872.0,1.5146122805312576
1980-12-08 18:00:00,830849216.0,-18238941184.0,17244616704.0,163475456.0,0.9479796437695296
1980-12-09 00:00:00,817239296.0,-17078264832.0,16753792000.0,-492766208.0,-2.9412219514244895
1980-12-09 06:00:00,286602784.0,-16787258368.0,16312598528.0,188056576.0,1.152830284379325
1980-12-09 12:00:00,727635840.0,-17434572800.0,16404526080.0,302410752.0,1.8434592412193598
1980-12-09 18:00:00,1218068224.0,-18078941184.0,16762087424.0,98785280.0,0.5893375777205349
1980-12-10 00:00:00,904857216.0,-16981828608.0,16774311936.0,-697340928.0,-4.157195422742853
1980-12-10 06:00:00,-85276688.0,-16787764224.0,16793939968.0,79100928.0,0.4710087576275895
1980-12-10 12:00:00,301981024.0,-17453185024.0,16758867968.0,392336384.0,2.3410673367028223
1980-12-10 18:00:00,1026023296.0,-18106142720.0,16880915456.0,199203840.0,1.180053537494596
1980-12-11 00:00:00,879110784.0,-16820419584.0,16578621440.0,-637313024.0,-3.8441858770134267
1980-12-11 06:00:00,147365856.0,-16512008192.0,16220618752.0,144023552.0,0.8879041804878246
1980-12-11 12:00:00,410364544.0,-17082485760.0,16463940608.0,208180224.0,1.264461704258354
1980-12-11 18:00:00,842048192.0,-17792253952.0,16784452608.0,165752832.0,0.9875379070807287
1980-12-12 00:00:00,639238848.0,-16691364864.0,16701712384.0,-649586688.0,-3.8893418415125787
1980-12-12 06:00:00,-170592000.0,-16701296640.0,16736668672.0,135220224.0,0.8079279494026181
1980-12-12 12:00:00,-37744232.0,-17569667072.0,17508214784.0,99196928.0,0.5665736297149597
1980-12-12 18:00:00,28725212.0,-18291949568.0,18332041216.0,-68816896.0,-0.3753913445270753
1980-12-13 00:00:00,-629835328.0,-17093692416.0,18481817600.0,-758290432.0,-4.102899662855671
1980-12-13 06:00:00,-1450566784.0,-17088058368.0,18238437376.0,300187648.0,1.6459066191439053
1980-12-13 12:00:00,-680185152.0,-17763256320.0,17909921792.0,533520384.0,2.9789096244870974
1980-12-13 18:00:00,341226560.0,-18317326336.0,17702348800.0,273750016.0,1.5464050510630545
1980-12-14 00:00:00,268308976.0,-17020127232.0,17426223104.0,-674404352.0,-3.870054618118586
1980-12-14 06:00:00,-589247168.0,-16800347136.0,17288982528.0,100612096.0,0.5819434188047552
1980-12-14 12:00:00,-347539488.0,-17458788352.0,17575860224.0,230467584.0,1.3112734231084426
1980-12-14 18:00:00,48325112.0,-18203811840.0,18093565952.0,61921280.0,0.34222817196051636
1980-12-15 00:00:00,-471145856.0,-16960342016.0,18228424704.0,-796936192.0,-4.371942199838707
1980-12-15 06:00:00,-1342411008.0,-16772477952.0,17814116352.0,300773376.0,1.6883990766470547
1980-12-15 12:00:00,-670764736.0,-17556731904.0,17876176896.0,351320064.0,1.965297535619106
1980-12-15 18:00:00,-137064512.0,-18240118784.0,18280572928.0,96610304.0,0.5284861934060275
1980-12-16 00:00:00,-306564672.0,-17046623232.0,17845456896.0,-492269568.0,-2.7585147910129475
1980-12-16 06:00:00,-809070592.0,-16865815552.0,17399076864.0,275810304.0,1.5852007905699428
1980-12-16 12:00:00,-218454096.0,-17567932416.0,17477332992.0,309053440.0,1.7683100742056286
1980-12-16 18:00:00,271000736.0,-18059419648.0,17788301312.0,116736.0,0.0006562515326927244
1980-12-17 00:00:00,-244847728.0,-16740709376.0,17640847360.0,-655290368.0,-3.714619568025104
1980-12-17 06:00:00,-831336000.0,-16494814208.0,16994934784.0,331214848.0,1.9489033186042264
1980-12-17 12:00:00,-232643392.0,-17104362496.0,17071974400.0,265031680.0,1.5524371920332776
1980-12-17 18:00:00,272259456.0,-17682126848.0,17281159168.0,128708608.0,0.7447915197629409
1980-12-18 00:00:00,106583816.0,-16492084224.0,16913666048.0,-528165888.0,-3.122716781217602
1980-12-18 06:00:00,-567736896.0,-16244492288.0,16737588224.0,74641408.0,0.44595079650108616
1980-12-18 12:00:00,-286691744.0,-16961758208.0,16870688768.0,377761792.0,2.2391604586798577
1980-12-18 18:00:00,334512768.0,-17589977088.0,17279490048.0,-24025088.0,-0.13903817724517145
1980-12-19 00:00:00,-289551328.0,-16264512512.0,17339127808.0,-785063936.0,-4.527701420124395
1980-12-19 06:00:00,-1125064192.0,-15935255552.0,16715783168.0,344536064.0,2.061142218329115
1980-12-19 12:00:00,-312716192.0,-16660077568.0,16561981440.0,410812416.0,2.4804545125731043
1980-12-19 18:00:00,262158032.0,-17441734656.0,17104532480.0,75043840.0,0.438736575160691
1980-12-20 00:00:00,80378208.0,-16416145408.0,16669688832.0,-333921280.0,-2.0031644463511964
1980-12-20 06:00:00,14933857.0,-16522317824.0,16069149696.0,438234112.0,2.727176734865362
1980-12-20 12:00:00,735106048.0,-17350332416.0,16315389952.0,299836416.0,1.8377520664974665
1980-12-20 18:00:00,1241737088.0,-18124234752.0,16812364800.0,70132736.0,0.4171497396963454
1980-12-21 00:00:00,736293632.0,-17003312128.0,17038401536.0,-771383296.0,-4.527321969553095
1980-12-21 06:00:00,-287825024.0,-16723777536.0,16969413632.0,42188800.0,0.2486167225038504
1980-12-21 12:00:00,-46682364.0,-17240899584.0,16961905664.0,325676032.0,1.9200438821636403
1980-12-21 18:00:00,580643584.0,-17638871040.0,16979492864.0,78734336.0,0.46370251827092496
1980-12-22 00:00:00,262210528.0,-16073013248.0,16436737024.0,-625934336.0,-3.808142303950266
1980-12-22 06:00:00,-286992416.0,-15664846848.0,15635519488.0,316319744.0,2.023084325677635
1980-12-22 12:00:00,399989344.0,-16490698752.0,15649392640.0,441316352.0,2.820022234422
1980-12-22 18:00:00,1082560512.0,-17272545280.0,16183598080.0,6386688.0,0.03946395584238335
1980-12-23 00:00:00,543297664.0,-16110941184.0,16156815360.0,-589171712.0,-3.6465831840761966
1980-12-23 06:00:00,13279825.0,-16091910144.0,15835900928.0,242728960.0,1.5327764495597633
1980-12-23 12:00:00,366324576.0,-16953202688.0,16371094528.0,215783424.0,1.3180757317779748
1980-12-23 18:00:00,647491136.0,-17556254720.0,16955884544.0,-47121408.0,-0.277905926274276
1980-12-24 00:00:00,190272944.0,-16211562496.0,16575421440.0,-554131456.0,-3.343091202874417
1980-12-24 06:00:00,-212911168.0,-15986404352.0,15843477504.0,355837952.0,2.245958640772909
1980-12-24 12:00:00,409786848.0,-16734041088.0,16076235776.0,248018944.0,1.542767520057551
1980-12-24 18:00:00,534986720.0,-17285810176.0,17053868032.0,-303044608.0,-1.7769845962884487
1980-12-25 00:00:00,-478604992.0,-15981319168.0,17131639808.0,-671715328.0,-3.920905036109431
1980-12-25 06:00:00,-885033536.0,-15826338816.0,16236569600.0,474803200.0,2.924282725336268
1980-12-25 12:00:00,-41101884.0,-16585518080.0,16282053632.0,344566784.0,2.116236635671094
1980-12-25 18:00:00,456751136.0,-17172998144.0,16725509120.0,-9262080.0,-0.05537696899716258
1980-12-26 00:00:00,-225045728.0,-15828113408.0,16876127232.0,-822968320.0,-4.876523557131712
1980-12-26 06:00:00,-1056266240.0,-15704115200.0,16416368640.0,344012800.0,2.095547484001919
1980-12-26 12:00:00,-113006776.0,-16682621952.0,16134273024.0,661355520.0,4.099072322727046
1980-12-26 18:00:00,849006656.0,-17363957760.0,16501236736.0,13714432.0,0.08311154017977238
1980-12-27 00:00:00,209091472.0,-16087129088.0,16628419584.0,-750382080.0,-4.512648217765829
1980-12-27 06:00:00,-467757056.0,-15955833856.0,16060500992.0,363089920.0,2.2607633484214538
1980-12-27 12:00:00,330552736.0,-16851187712.0,16056282112.0,464353280.0,2.892034885541503
1980-12-27 18:00:00,948931584.0,-17352196096.0,16438915072.0,-35650560.0,-0.21686686648027473
1980-12-28 00:00:00,485735744.0,-16122554368.0,16194562048.0,-557743104.0,-3.4440147399285816
1980-12-28 06:00:00,-11389076.0,-16127736832.0,15783692288.0,355433472.0,2.2519032018270426
1980-12-28 12:00:00,594102592.0,-16984904704.0,16221745152.0,169057280.0,1.0421645662406225
1980-12-28 18:00:00,627797888.0,-17445953536.0,16963553280.0,-145397760.0,-0.8571185387876472
1980-12-29 00:00:00,85376456.0,-16194592768.0,16645423104.0,-536206336.0,-3.221343985369445
1980-12-29 06:00:00,-380642816.0,-16119224320.0,16228998144.0,270869504.0,1.669046367474894
1980-12-29 12:00:00,-35151448.0,-16958210048.0,16966756352.0,26605568.0,0.15680998446626365
1980-12-29 18:00:00,-323534816.0,-17632624640.0,18205325312.0,-249165824.0,-1.3686425248098308
1980-12-30 00:00:00,-1090901376.0,-16675652608.0,18301374464.0,-534820864.0,-2.9222988964682823
1980-12-30 06:00:00,-1313030400.0,-16747250688.0,17504647168.0,555634688.0,3.1742124400870413
1980-12-30 12:00:00,-466081120.0,-17502128128.0,17759780864.0,208429056.0,1.173601507789415
1980-12-30 18:00:00,-187100432.0,-18020708352.0,18187870208.0,19939328.0,0.10962981246275671
1980-12-31 00:00:00,-526539456.0,-16860691456.0,17916274688.0,-529043456.0,-2.9528652870808227
1980-12-31 06:00:00,-899534784.0,-16773040128.0,17235527680.0,437047296.0,2.535734931441333
1980-12-31 12:00:00,-104053944.0,-17562714112.0,17370025984.0,296742912.0,1.708361934940903
1980-12-31 18:00:00,249211296.0,-18014646272.0,17816817664.0,-51382272.0,-0.28839197307284065
